sample_index,subject_id_zero_based,subject_sample_index,batch_index
0,13,0,0
1,13,1,0
2,13,2,0
3,13,3,0
4,13,4,0
5,13,5,0
6,13,6,0
7,13,7,0
8,13,8,0
9,13,9,0
10,13,10,0
11,13,11,0
12,13,12,0
13,13,13,0
14,13,14,0
15,13,15,0
16,13,16,0
17,13,17,0
18,13,18,0
19,13,19,0
20,13,20,0
21,13,21,0
22,13,22,0
23,13,23,0
24,13,24,0
25,13,25,0
26,13,26,0
27,13,27,0
28,13,28,0
29,13,29,0
30,13,30,0
31,13,31,0
32,13,32,0
33,13,33,0
34,13,34,0
35,13,35,0
36,13,36,0
37,13,37,0
38,13,38,0
39,13,39,0
40,13,40,0
41,13,41,0
42,13,42,0
43,13,43,0
44,13,44,0
45,13,45,0
46,13,46,0
47,13,47,0
48,13,48,0
49,13,49,0
50,13,50,0
51,13,51,0
52,13,52,0
53,13,53,0
54,13,54,0
55,13,55,0
56,13,56,0
57,13,57,0
58,13,58,0
59,13,59,0
60,13,60,0
61,13,61,0
62,13,62,0
63,13,63,0
64,13,64,0
65,13,65,0
66,13,66,0
67,13,67,0
68,13,68,0
69,13,69,0
70,13,70,0
71,13,71,0
72,13,72,0
73,13,73,0
74,13,74,0
75,13,75,0
76,13,76,0
77,13,77,0
78,13,78,0
79,13,79,0
80,13,80,0
81,13,81,0
82,13,82,0
83,13,83,0
84,13,84,0
85,13,85,0
86,13,86,0
87,13,87,0
88,13,88,0
89,13,89,0
90,13,90,0
91,13,91,0
92,13,92,0
93,13,93,0
94,13,94,0
95,13,95,0
96,13,96,0
97,13,97,0
98,13,98,0
99,13,99,0
100,13,100,0
101,13,101,0
102,13,102,0
103,13,103,0
104,13,104,0
105,13,105,0
106,13,106,0
107,13,107,0
108,13,108,0
109,13,109,0
110,13,110,0
111,13,111,0
112,13,112,0
113,13,113,0
114,13,114,0
115,13,115,0
116,13,116,0
117,13,117,0
118,13,118,0
119,13,119,0
120,13,120,0
121,13,121,0
122,13,122,0
123,13,123,0
124,13,124,0
125,13,125,0
126,13,126,0
127,13,127,0
128,13,128,0
129,13,129,0
130,13,130,0
131,13,131,0
132,13,132,0
133,13,133,0
134,13,134,0
135,13,135,0
136,13,136,0
137,13,137,0
138,13,138,0
139,13,139,0
140,13,140,0
141,13,141,0
142,13,142,0
143,13,143,0
144,13,144,0
145,13,145,0
146,13,146,0
147,13,147,0
148,13,148,0
149,13,149,0
150,13,150,0
151,13,151,0
152,13,152,0
153,13,153,0
154,13,154,0
155,13,155,0
156,13,156,0
157,13,157,0
158,13,158,0
159,13,159,0
160,13,160,0
161,13,161,0
162,13,162,0
163,13,163,0
164,13,164,0
165,13,165,0
166,13,166,0
167,13,167,0
168,13,168,0
169,13,169,0
170,13,170,0
171,13,171,0
172,13,172,0
173,13,173,0
174,13,174,0
175,13,175,0
176,13,176,0
177,13,177,0
178,13,178,0
179,13,179,0
180,13,180,0
181,13,181,0
182,13,182,0
183,13,183,0
184,13,184,0
185,13,185,0
186,13,186,0
187,13,187,0
188,13,188,0
189,13,189,0
190,13,190,0
191,13,191,0
192,13,192,0
193,13,193,0
194,13,194,0
195,13,195,0
196,13,196,0
197,13,197,0
198,13,198,0
199,13,199,0
200,13,200,0
201,13,201,0
202,13,202,0
203,13,203,0
204,13,204,0
205,13,205,0
206,13,206,0
207,13,207,0
208,13,208,0
209,13,209,0
210,13,210,0
211,13,211,0
212,13,212,0
213,13,213,0
214,13,214,0
215,13,215,0
216,13,216,0
217,13,217,0
218,13,218,0
219,13,219,0
220,13,220,0
221,13,221,0
222,13,222,0
223,13,223,0
224,13,224,0
225,13,225,0
226,13,226,0
227,13,227,0
228,13,228,0
229,13,229,0
230,13,230,0
231,13,231,0
232,13,232,0
233,13,233,0
234,13,234,0
235,13,235,0
236,13,236,0
237,13,237,0
238,13,238,0
239,13,239,0
240,13,240,0
241,13,241,0
242,13,242,0
243,13,243,0
244,13,244,0
245,13,245,0
246,13,246,0
247,13,247,0
248,13,248,0
249,13,249,0
250,13,250,0
251,13,251,0
252,13,252,0
253,13,253,0
254,13,254,0
255,13,255,0
256,13,256,0
257,13,257,0
258,13,258,0
259,13,259,0
260,13,260,0
261,13,261,0
262,13,262,0
263,13,263,0
264,13,264,0
265,13,265,0
266,13,266,0
267,13,267,0
268,13,268,0
269,13,269,0
270,13,270,0
271,13,271,0
272,13,272,0
273,13,273,0
274,13,274,0
275,13,275,0
276,13,276,0
277,13,277,0
278,13,278,0
279,13,279,0
280,13,280,0
281,13,281,0
282,13,282,0
283,13,283,0
284,13,284,0
285,13,285,0
286,13,286,0
287,13,287,0
288,13,288,0
289,13,289,0
290,13,290,0
291,13,291,0
292,13,292,0
293,13,293,0
294,13,294,0
295,13,295,0
296,13,296,0
297,13,297,0
298,13,298,0
299,13,299,0
300,13,300,0
301,13,301,0
302,13,302,0
303,13,303,0
304,13,304,0
305,13,305,0
306,13,306,0
307,13,307,0
308,13,308,0
309,13,309,0
310,13,310,0
311,13,311,0
312,13,312,0
313,13,313,0
314,13,314,0
315,13,315,0
316,13,316,0
317,13,317,0
318,13,318,0
319,13,319,0
320,13,320,0
321,13,321,0
322,13,322,0
323,13,323,0
324,13,324,0
325,13,325,0
326,13,326,0
327,13,327,0
328,13,328,0
329,13,329,0
330,13,330,0
331,13,331,0
332,13,332,0
333,13,333,0
334,13,334,0
335,13,335,0
336,13,336,0
337,13,337,0
338,13,338,0
339,13,339,0
340,13,340,0
341,13,341,0
342,13,342,0
343,13,343,0
344,13,344,0
345,13,345,0
346,13,346,0
347,13,347,0
348,13,348,0
349,13,349,0
350,13,350,0
351,13,351,0
352,13,352,0
353,13,353,0
354,13,354,0
355,13,355,0
356,13,356,0
357,13,357,0
358,13,358,0
359,13,359,0
360,13,360,0
361,13,361,0
362,13,362,0
363,13,363,0
364,13,364,0
365,13,365,0
366,13,366,0
367,13,367,0
368,13,368,0
369,13,369,0
370,13,370,0
371,13,371,0
372,13,372,0
373,13,373,0
374,13,374,0
375,13,375,0
376,13,376,0
377,13,377,0
378,13,378,0
379,13,379,0
380,13,380,0
381,13,381,0
382,13,382,0
383,13,383,0
384,13,384,0
385,13,385,0
386,13,386,0
387,13,387,0
388,13,388,0
389,13,389,0
390,13,390,0
391,13,391,0
392,13,392,0
393,13,393,0
394,13,394,0
395,13,395,0
396,13,396,0
397,13,397,0
398,13,398,0
399,13,399,0
400,13,400,0
401,13,401,0
402,13,402,0
403,13,403,0
404,13,404,0
405,13,405,0
406,13,406,0
407,13,407,0
408,13,408,0
409,13,409,0
410,13,410,0
411,13,411,0
412,13,412,0
413,13,413,0
414,13,414,0
415,13,415,0
416,13,416,0
417,13,417,0
418,13,418,0
419,13,419,0
420,13,420,0
421,13,421,0
422,13,422,0
423,13,423,0
424,13,424,0
425,13,425,0
426,13,426,0
427,13,427,0
428,13,428,0
429,13,429,0
430,13,430,0
431,13,431,0
432,13,432,0
433,13,433,0
434,13,434,0
435,13,435,0
436,13,436,0
437,13,437,0
438,13,438,0
439,13,439,0
440,13,440,0
441,13,441,0
442,13,442,0
443,13,443,0
444,13,444,0
445,13,445,0
446,13,446,0
447,13,447,0
448,13,448,0
449,13,449,0
450,13,450,0
451,13,451,0
452,13,452,0
453,13,453,0
454,13,454,0
455,13,455,0
456,13,456,0
457,13,457,0
458,13,458,0
459,13,459,0
460,13,460,0
461,13,461,0
462,13,462,0
463,13,463,0
464,13,464,0
465,13,465,0
466,13,466,0
467,13,467,0
468,13,468,0
469,13,469,0
470,13,470,0
471,13,471,0
472,13,472,0
473,13,473,0
474,13,474,0
475,13,475,0
476,13,476,0
477,13,477,0
478,13,478,0
479,13,479,0
480,13,480,0
481,13,481,0
482,13,482,0
483,13,483,0
484,13,484,0
485,13,485,0
486,13,486,0
487,13,487,0
488,13,488,0
489,13,489,0
490,13,490,0
491,13,491,0
492,13,492,0
493,13,493,0
494,13,494,0
495,13,495,0
496,13,496,0
497,13,497,0
498,13,498,0
499,13,499,0
500,13,500,0
501,13,501,0
502,13,502,0
503,13,503,0
504,13,504,0
505,13,505,0
506,13,506,0
507,13,507,0
508,13,508,0
509,13,509,0
510,13,510,0
511,13,511,0
512,13,512,0
513,13,513,0
514,13,514,0
515,13,515,0
516,13,516,0
517,13,517,0
518,13,518,0
519,13,519,0
520,13,520,0
521,13,521,0
522,13,522,0
523,13,523,0
524,13,524,0
525,13,525,0
526,13,526,0
527,13,527,0
528,13,528,0
529,13,529,0
530,13,530,0
531,13,531,0
532,13,532,0
533,13,533,0
534,13,534,0
535,13,535,0
536,13,536,0
537,13,537,0
538,13,538,0
539,13,539,0
540,13,540,0
541,13,541,0
542,13,542,0
543,13,543,0
544,13,544,0
545,13,545,0
546,13,546,0
547,13,547,0
548,13,548,0
549,13,549,0
550,13,550,0
551,13,551,0
552,13,552,0
553,13,553,0
554,13,554,0
555,13,555,0
556,13,556,0
557,13,557,0
558,13,558,0
559,13,559,0
560,13,560,0
561,13,561,0
562,13,562,0
563,13,563,0
564,13,564,0
565,13,565,0
566,13,566,0
567,13,567,0
568,13,568,0
569,13,569,0
570,13,570,0
571,13,571,0
572,13,572,0
573,13,573,0
574,13,574,0
575,13,575,0
576,13,576,0
577,13,577,0
578,13,578,0
579,13,579,0
580,13,580,0
581,13,581,0
582,13,582,0
583,13,583,0
584,13,584,0
585,13,585,0
586,13,586,0
587,13,587,0
588,13,588,0
589,13,589,0
590,13,590,0
591,13,591,0
592,13,592,0
593,13,593,0
594,13,594,0
595,13,595,0
596,13,596,0
597,13,597,0
598,13,598,0
599,13,599,0
600,13,600,0
601,13,601,0
602,13,602,0
603,13,603,0
604,13,604,0
605,13,605,0
606,13,606,0
607,13,607,0
608,13,608,0
609,13,609,0
610,13,610,0
611,13,611,0
612,13,612,0
613,13,613,0
614,13,614,0
615,13,615,0
616,13,616,0
617,13,617,0
618,13,618,0
619,13,619,0
620,13,620,0
621,13,621,0
622,13,622,0
623,13,623,0
624,13,624,0
625,13,625,0
626,13,626,0
627,13,627,0
628,13,628,0
629,13,629,0
630,13,630,0
631,13,631,0
632,13,632,0
633,13,633,0
634,13,634,0
635,13,635,0
636,13,636,0
637,13,637,0
638,13,638,0
639,13,639,0
640,13,640,0
641,13,641,0
642,13,642,0
643,13,643,0
644,13,644,0
645,13,645,0
646,13,646,0
647,13,647,0
648,13,648,0
649,13,649,0
650,13,650,0
651,13,651,0
652,13,652,0
653,13,653,0
654,13,654,0
655,13,655,0
656,13,656,0
657,13,657,0
658,13,658,0
659,13,659,0
660,13,660,0
661,13,661,0
662,13,662,0
663,13,663,0
664,13,664,0
665,13,665,0
666,13,666,0
667,13,667,0
668,13,668,0
669,13,669,0
670,13,670,0
671,13,671,0
672,13,672,0
673,13,673,0
674,13,674,0
675,13,675,0
676,13,676,0
677,13,677,0
678,13,678,0
679,13,679,0
680,13,680,0
681,13,681,0
682,13,682,0
683,13,683,0
684,13,684,0
685,13,685,0
686,13,686,0
687,13,687,0
688,13,688,0
689,13,689,0
690,13,690,0
691,13,691,0
692,13,692,0
693,13,693,0
694,13,694,0
695,13,695,0
696,13,696,0
697,13,697,0
698,13,698,0
699,13,699,0
700,13,700,0
701,13,701,0
702,13,702,0
703,13,703,0
704,13,704,0
705,13,705,0
706,13,706,0
707,13,707,0
708,13,708,0
709,13,709,0
710,13,710,0
711,13,711,0
712,13,712,0
713,13,713,0
714,13,714,0
715,13,715,0
716,13,716,0
717,13,717,0
718,13,718,0
719,13,719,0
720,13,720,0
721,13,721,0
722,13,722,0
723,13,723,0
724,13,724,0
725,13,725,0
726,13,726,0
727,13,727,0
728,13,728,0
729,13,729,0
730,13,730,0
731,13,731,0
732,13,732,0
733,13,733,0
734,13,734,0
735,13,735,0
736,13,736,0
737,13,737,0
738,13,738,0
739,13,739,0
740,13,740,0
741,13,741,0
742,13,742,0
743,13,743,0
744,13,744,0
745,13,745,0
746,13,746,0
747,13,747,0
748,13,748,0
749,13,749,0
750,13,750,0
751,13,751,0
752,13,752,0
753,13,753,0
754,13,754,0
755,13,755,0
756,13,756,0
757,13,757,0
758,13,758,0
759,13,759,0
760,13,760,0
761,13,761,0
762,13,762,0
763,13,763,0
764,13,764,0
765,13,765,0
766,13,766,0
767,13,767,0
768,13,768,0
769,13,769,0
770,13,770,0
771,13,771,0
772,13,772,0
773,13,773,0
774,13,774,0
775,13,775,0
776,13,776,0
777,13,777,0
778,13,778,0
779,13,779,0
780,13,780,0
781,13,781,0
782,13,782,0
783,13,783,0
784,13,784,0
785,13,785,0
786,13,786,0
787,13,787,0
788,13,788,0
789,13,789,0
790,13,790,0
791,13,791,0
792,13,792,0
793,13,793,0
794,13,794,0
795,13,795,0
796,13,796,0
797,13,797,0
798,13,798,0
799,13,799,0
800,13,800,0
801,13,801,0
802,13,802,0
803,13,803,0
804,13,804,0
805,13,805,0
806,13,806,0
807,13,807,0
808,13,808,0
809,13,809,0
810,13,810,0
811,13,811,0
812,13,812,0
813,13,813,0
814,13,814,0
815,13,815,0
816,13,816,0
817,13,817,0
818,13,818,0
819,13,819,0
820,13,820,0
821,13,821,0
822,13,822,0
823,13,823,0
824,13,824,0
825,13,825,0
826,13,826,0
827,13,827,0
828,13,828,0
829,13,829,0
830,13,830,0
831,13,831,0
832,13,832,0
833,13,833,0
834,13,834,0
835,13,835,0
836,13,836,0
837,13,837,0
838,13,838,0
839,13,839,0
840,13,840,0
841,13,841,0
842,13,842,0
843,13,843,0
844,13,844,0
845,13,845,0
846,13,846,0
847,13,847,0
848,13,848,0
849,13,849,0
850,13,850,0
851,12,0,0
852,12,1,0
853,12,2,0
854,12,3,0
855,12,4,0
856,12,5,0
857,12,6,0
858,12,7,0
859,12,8,0
860,12,9,0
861,12,10,0
862,12,11,0
863,12,12,0
864,12,13,0
865,12,14,0
866,12,15,0
867,12,16,0
868,12,17,0
869,12,18,0
870,12,19,0
871,12,20,0
872,12,21,0
873,12,22,0
874,12,23,0
875,12,24,0
876,12,25,0
877,12,26,0
878,12,27,0
879,12,28,0
880,12,29,0
881,12,30,0
882,12,31,0
883,12,32,0
884,12,33,0
885,12,34,0
886,12,35,0
887,12,36,0
888,12,37,0
889,12,38,0
890,12,39,0
891,12,40,0
892,12,41,0
893,12,42,0
894,12,43,0
895,12,44,0
896,12,45,0
897,12,46,0
898,12,47,0
899,12,48,0
900,12,49,0
901,12,50,0
902,12,51,0
903,12,52,0
904,12,53,0
905,12,54,0
906,12,55,0
907,12,56,0
908,12,57,0
909,12,58,0
910,12,59,0
911,12,60,0
912,12,61,0
913,12,62,0
914,12,63,0
915,12,64,0
916,12,65,0
917,12,66,0
918,12,67,0
919,12,68,0
920,12,69,0
921,12,70,0
922,12,71,0
923,12,72,0
924,12,73,0
925,12,74,0
926,12,75,0
927,12,76,0
928,12,77,0
929,12,78,0
930,12,79,0
931,12,80,0
932,12,81,0
933,12,82,0
934,12,83,0
935,12,84,0
936,12,85,0
937,12,86,0
938,12,87,0
939,12,88,0
940,12,89,0
941,12,90,0
942,12,91,0
943,12,92,0
944,12,93,0
945,12,94,0
946,12,95,0
947,12,96,0
948,12,97,0
949,12,98,0
950,12,99,0
951,12,100,0
952,12,101,0
953,12,102,0
954,12,103,0
955,12,104,0
956,12,105,0
957,12,106,0
958,12,107,0
959,12,108,0
960,12,109,0
961,12,110,0
962,12,111,0
963,12,112,0
964,12,113,0
965,12,114,0
966,12,115,0
967,12,116,0
968,12,117,0
969,12,118,0
970,12,119,0
971,12,120,0
972,12,121,0
973,12,122,0
974,12,123,0
975,12,124,0
976,12,125,0
977,12,126,0
978,12,127,0
979,12,128,0
980,12,129,0
981,12,130,0
982,12,131,0
983,12,132,0
984,12,133,0
985,12,134,0
986,12,135,0
987,12,136,0
988,12,137,0
989,12,138,0
990,12,139,0
991,12,140,0
992,12,141,0
993,12,142,0
994,12,143,0
995,12,144,0
996,12,145,0
997,12,146,0
998,12,147,0
999,12,148,0
1000,12,149,0
1001,12,150,0
1002,12,151,0
1003,12,152,0
1004,12,153,0
1005,12,154,0
1006,12,155,0
1007,12,156,0
1008,12,157,0
1009,12,158,0
1010,12,159,0
1011,12,160,0
1012,12,161,0
1013,12,162,0
1014,12,163,0
1015,12,164,0
1016,12,165,0
1017,12,166,0
1018,12,167,0
1019,12,168,0
1020,12,169,0
1021,12,170,0
1022,12,171,0
1023,12,172,0
1024,12,173,0
1025,12,174,0
1026,12,175,0
1027,12,176,0
1028,12,177,0
1029,12,178,0
1030,12,179,0
1031,12,180,0
1032,12,181,0
1033,12,182,0
1034,12,183,0
1035,12,184,0
1036,12,185,0
1037,12,186,0
1038,12,187,0
1039,12,188,0
1040,12,189,0
1041,12,190,0
1042,12,191,0
1043,12,192,0
1044,12,193,0
1045,12,194,0
1046,12,195,0
1047,12,196,0
1048,12,197,0
1049,12,198,0
1050,12,199,0
1051,12,200,0
1052,12,201,0
1053,12,202,0
1054,12,203,0
1055,12,204,0
1056,12,205,0
1057,12,206,0
1058,12,207,0
1059,12,208,0
1060,12,209,0
1061,12,210,0
1062,12,211,0
1063,12,212,0
1064,12,213,0
1065,12,214,0
1066,12,215,0
1067,12,216,0
1068,12,217,0
1069,12,218,0
1070,12,219,0
1071,12,220,0
1072,12,221,0
1073,12,222,0
1074,12,223,0
1075,12,224,0
1076,12,225,0
1077,12,226,0
1078,12,227,0
1079,12,228,0
1080,12,229,0
1081,12,230,0
1082,12,231,0
1083,12,232,0
1084,12,233,0
1085,12,234,0
1086,12,235,0
1087,12,236,0
1088,12,237,0
1089,12,238,0
1090,12,239,0
1091,12,240,0
1092,12,241,0
1093,12,242,0
1094,12,243,0
1095,12,244,0
1096,12,245,0
1097,12,246,0
1098,12,247,0
1099,12,248,0
1100,12,249,0
1101,12,250,0
1102,12,251,0
1103,12,252,0
1104,12,253,0
1105,12,254,0
1106,12,255,0
1107,12,256,0
1108,12,257,0
1109,12,258,0
1110,12,259,0
1111,12,260,0
1112,12,261,0
1113,12,262,0
1114,12,263,0
1115,12,264,0
1116,12,265,0
1117,12,266,0
1118,12,267,0
1119,12,268,0
1120,12,269,0
1121,12,270,0
1122,12,271,0
1123,12,272,0
1124,12,273,0
1125,12,274,0
1126,12,275,0
1127,12,276,0
1128,12,277,0
1129,12,278,0
1130,12,279,0
1131,12,280,0
1132,12,281,0
1133,12,282,0
1134,12,283,0
1135,12,284,0
1136,12,285,0
1137,12,286,0
1138,12,287,0
1139,12,288,0
1140,12,289,0
1141,12,290,0
1142,12,291,0
1143,12,292,0
1144,12,293,0
1145,12,294,0
1146,12,295,0
1147,12,296,0
1148,12,297,0
1149,12,298,0
1150,12,299,0
1151,12,300,0
1152,12,301,0
1153,12,302,0
1154,12,303,0
1155,12,304,0
1156,12,305,0
1157,12,306,0
1158,12,307,0
1159,12,308,0
1160,12,309,0
1161,12,310,0
1162,12,311,0
1163,12,312,0
1164,12,313,0
1165,12,314,0
1166,12,315,0
1167,12,316,0
1168,12,317,0
1169,12,318,0
1170,12,319,0
1171,12,320,0
1172,12,321,0
1173,12,322,0
1174,12,323,0
1175,12,324,0
1176,12,325,0
1177,12,326,0
1178,12,327,0
1179,12,328,0
1180,12,329,0
1181,12,330,0
1182,12,331,0
1183,12,332,0
1184,12,333,0
1185,12,334,0
1186,12,335,0
1187,12,336,0
1188,12,337,0
1189,12,338,0
1190,12,339,0
1191,12,340,0
1192,12,341,0
1193,12,342,0
1194,12,343,0
1195,12,344,0
1196,12,345,0
1197,12,346,0
1198,12,347,0
1199,12,348,0
1200,12,349,0
1201,12,350,0
1202,12,351,0
1203,12,352,0
1204,12,353,0
1205,12,354,0
1206,12,355,0
1207,12,356,0
1208,12,357,0
1209,12,358,0
1210,12,359,0
1211,12,360,0
1212,12,361,0
1213,12,362,0
1214,12,363,0
1215,12,364,0
1216,12,365,0
1217,12,366,0
1218,12,367,0
1219,12,368,0
1220,12,369,0
1221,12,370,0
1222,12,371,0
1223,12,372,0
1224,12,373,0
1225,12,374,0
1226,12,375,0
1227,12,376,0
1228,12,377,0
1229,12,378,0
1230,12,379,0
1231,12,380,0
1232,12,381,0
1233,12,382,0
1234,12,383,0
1235,12,384,0
1236,12,385,0
1237,12,386,0
1238,12,387,0
1239,12,388,0
1240,12,389,0
1241,12,390,0
1242,12,391,0
1243,12,392,0
1244,12,393,0
1245,12,394,0
1246,12,395,0
1247,12,396,0
1248,12,397,0
1249,12,398,0
1250,12,399,0
1251,12,400,0
1252,12,401,0
1253,12,402,0
1254,12,403,0
1255,12,404,0
1256,12,405,0
1257,12,406,0
1258,12,407,0
1259,12,408,0
1260,12,409,0
1261,12,410,0
1262,12,411,0
1263,12,412,0
1264,12,413,0
1265,12,414,0
1266,12,415,0
1267,12,416,0
1268,12,417,0
1269,12,418,0
1270,12,419,0
1271,12,420,0
1272,12,421,0
1273,12,422,0
1274,12,423,0
1275,12,424,0
1276,12,425,0
1277,12,426,0
1278,12,427,0
1279,12,428,0
1280,12,429,0
1281,12,430,0
1282,12,431,0
1283,12,432,0
1284,12,433,0
1285,12,434,0
1286,12,435,0
1287,12,436,0
1288,12,437,0
1289,12,438,0
1290,12,439,0
1291,12,440,0
1292,12,441,0
1293,12,442,0
1294,12,443,0
1295,12,444,0
1296,12,445,0
1297,12,446,0
1298,12,447,0
1299,12,448,0
1300,12,449,0
1301,12,450,0
1302,12,451,0
1303,12,452,0
1304,12,453,0
1305,12,454,0
1306,12,455,0
1307,12,456,0
1308,12,457,0
1309,12,458,0
1310,12,459,0
1311,12,460,0
1312,12,461,0
1313,12,462,0
1314,12,463,0
1315,12,464,0
1316,12,465,0
1317,12,466,0
1318,12,467,0
1319,12,468,0
1320,12,469,0
1321,12,470,0
1322,12,471,0
1323,12,472,0
1324,12,473,0
1325,12,474,0
1326,12,475,0
1327,12,476,0
1328,12,477,0
1329,12,478,0
1330,12,479,0
1331,12,480,0
1332,12,481,0
1333,12,482,0
1334,12,483,0
1335,12,484,0
1336,12,485,0
1337,12,486,0
1338,12,487,0
1339,12,488,0
1340,12,489,0
1341,12,490,0
1342,12,491,0
1343,12,492,0
1344,12,493,0
1345,12,494,0
1346,12,495,0
1347,12,496,0
1348,12,497,0
1349,12,498,0
1350,12,499,0
1351,12,500,0
1352,12,501,0
1353,12,502,0
1354,12,503,0
1355,12,504,0
1356,12,505,0
1357,12,506,0
1358,12,507,0
1359,12,508,0
1360,12,509,0
1361,12,510,0
1362,12,511,0
1363,12,512,0
1364,12,513,0
1365,12,514,0
1366,12,515,0
1367,12,516,0
1368,12,517,0
1369,12,518,0
1370,12,519,0
1371,12,520,0
1372,12,521,0
1373,12,522,0
1374,12,523,0
1375,12,524,0
1376,12,525,0
1377,12,526,0
1378,12,527,0
1379,12,528,0
1380,12,529,0
1381,12,530,0
1382,12,531,0
1383,12,532,0
1384,12,533,0
1385,12,534,0
1386,12,535,0
1387,12,536,0
1388,12,537,0
1389,12,538,0
1390,12,539,0
1391,12,540,0
1392,12,541,0
1393,12,542,0
1394,12,543,0
1395,12,544,0
1396,12,545,0
1397,12,546,0
1398,12,547,0
1399,12,548,0
1400,12,549,0
1401,12,550,0
1402,12,551,0
1403,12,552,0
1404,12,553,0
1405,12,554,0
1406,12,555,0
1407,12,556,0
1408,12,557,0
1409,12,558,0
1410,12,559,0
1411,12,560,0
1412,12,561,0
1413,12,562,0
1414,12,563,0
1415,12,564,0
1416,12,565,0
1417,12,566,0
1418,12,567,0
1419,12,568,0
1420,12,569,0
1421,12,570,0
1422,12,571,0
1423,12,572,0
1424,12,573,0
1425,12,574,0
1426,12,575,0
1427,12,576,0
1428,12,577,0
1429,12,578,0
1430,12,579,0
1431,12,580,0
1432,12,581,0
1433,12,582,0
1434,12,583,0
1435,12,584,0
1436,12,585,0
1437,12,586,0
1438,12,587,0
1439,12,588,0
1440,12,589,0
1441,12,590,0
1442,12,591,0
1443,12,592,0
1444,12,593,0
1445,12,594,0
1446,12,595,0
1447,12,596,0
1448,12,597,0
1449,12,598,0
1450,12,599,0
1451,12,600,0
1452,12,601,0
1453,12,602,0
1454,12,603,0
1455,12,604,0
1456,12,605,0
1457,12,606,0
1458,12,607,0
1459,12,608,0
1460,12,609,0
1461,12,610,0
1462,12,611,0
1463,12,612,0
1464,12,613,0
1465,12,614,0
1466,12,615,0
1467,12,616,0
1468,12,617,0
1469,12,618,0
1470,12,619,0
1471,12,620,0
1472,12,621,0
1473,12,622,0
1474,12,623,0
1475,12,624,0
1476,12,625,0
1477,12,626,0
1478,12,627,0
1479,12,628,0
1480,12,629,0
1481,12,630,0
1482,12,631,0
1483,12,632,0
1484,12,633,0
1485,12,634,0
1486,12,635,0
1487,12,636,0
1488,12,637,0
1489,12,638,0
1490,12,639,0
1491,12,640,0
1492,12,641,0
1493,12,642,0
1494,12,643,0
1495,12,644,0
1496,12,645,0
1497,12,646,0
1498,12,647,0
1499,12,648,0
1500,12,649,0
1501,12,650,0
1502,12,651,0
1503,12,652,0
1504,12,653,0
1505,12,654,0
1506,12,655,0
1507,12,656,0
1508,12,657,0
1509,12,658,0
1510,12,659,0
1511,12,660,0
1512,12,661,0
1513,12,662,0
1514,12,663,0
1515,12,664,0
1516,12,665,0
1517,12,666,0
1518,12,667,0
1519,12,668,0
1520,12,669,0
1521,12,670,0
1522,12,671,0
1523,12,672,0
1524,12,673,0
1525,12,674,0
1526,12,675,0
1527,12,676,0
1528,12,677,0
1529,12,678,0
1530,12,679,0
1531,12,680,0
1532,12,681,0
1533,12,682,0
1534,12,683,0
1535,12,684,0
1536,12,685,1
1537,12,686,1
1538,12,687,1
1539,12,688,1
1540,12,689,1
1541,12,690,1
1542,12,691,1
1543,12,692,1
1544,12,693,1
1545,12,694,1
1546,12,695,1
1547,12,696,1
1548,12,697,1
1549,12,698,1
1550,12,699,1
1551,12,700,1
1552,12,701,1
1553,12,702,1
1554,12,703,1
1555,12,704,1
1556,12,705,1
1557,12,706,1
1558,12,707,1
1559,12,708,1
1560,12,709,1
1561,12,710,1
1562,12,711,1
1563,12,712,1
1564,12,713,1
1565,12,714,1
1566,12,715,1
1567,12,716,1
1568,12,717,1
1569,12,718,1
1570,12,719,1
1571,12,720,1
1572,12,721,1
1573,12,722,1
1574,12,723,1
1575,12,724,1
1576,12,725,1
1577,12,726,1
1578,12,727,1
1579,12,728,1
1580,12,729,1
1581,12,730,1
1582,12,731,1
1583,12,732,1
1584,12,733,1
1585,12,734,1
1586,12,735,1
1587,12,736,1
1588,12,737,1
1589,12,738,1
1590,12,739,1
1591,12,740,1
1592,12,741,1
1593,12,742,1
1594,12,743,1
1595,12,744,1
1596,12,745,1
1597,12,746,1
1598,12,747,1
1599,12,748,1
1600,12,749,1
1601,12,750,1
1602,12,751,1
1603,12,752,1
1604,12,753,1
1605,12,754,1
1606,12,755,1
1607,12,756,1
1608,12,757,1
1609,12,758,1
1610,12,759,1
1611,12,760,1
1612,12,761,1
1613,12,762,1
1614,12,763,1
1615,12,764,1
1616,12,765,1
1617,12,766,1
1618,12,767,1
1619,12,768,1
1620,12,769,1
1621,12,770,1
1622,12,771,1
1623,12,772,1
1624,12,773,1
1625,12,774,1
1626,12,775,1
1627,12,776,1
1628,12,777,1
1629,12,778,1
1630,12,779,1
1631,12,780,1
1632,12,781,1
1633,12,782,1
1634,12,783,1
1635,12,784,1
1636,12,785,1
1637,12,786,1
1638,12,787,1
1639,12,788,1
1640,12,789,1
1641,12,790,1
1642,12,791,1
1643,12,792,1
1644,12,793,1
1645,12,794,1
1646,12,795,1
1647,12,796,1
1648,12,797,1
1649,12,798,1
1650,12,799,1
1651,12,800,1
1652,12,801,1
1653,12,802,1
1654,12,803,1
1655,12,804,1
1656,12,805,1
1657,12,806,1
1658,12,807,1
1659,12,808,1
1660,12,809,1
1661,12,810,1
1662,12,811,1
1663,12,812,1
1664,12,813,1
1665,12,814,1
1666,12,815,1
1667,12,816,1
1668,12,817,1
1669,12,818,1
1670,12,819,1
1671,12,820,1
1672,12,821,1
1673,12,822,1
1674,12,823,1
1675,12,824,1
1676,12,825,1
1677,12,826,1
1678,12,827,1
1679,12,828,1
1680,12,829,1
1681,12,830,1
1682,12,831,1
1683,12,832,1
1684,12,833,1
1685,12,834,1
1686,12,835,1
1687,12,836,1
1688,12,837,1
1689,12,838,1
1690,12,839,1
1691,12,840,1
1692,12,841,1
1693,12,842,1
1694,12,843,1
1695,12,844,1
1696,12,845,1
1697,12,846,1
1698,12,847,1
1699,12,848,1
1700,12,849,1
1701,12,850,1
1702,1,0,1
1703,1,1,1
1704,1,2,1
1705,1,3,1
1706,1,4,1
1707,1,5,1
1708,1,6,1
1709,1,7,1
1710,1,8,1
1711,1,9,1
1712,1,10,1
1713,1,11,1
1714,1,12,1
1715,1,13,1
1716,1,14,1
1717,1,15,1
1718,1,16,1
1719,1,17,1
1720,1,18,1
1721,1,19,1
1722,1,20,1
1723,1,21,1
1724,1,22,1
1725,1,23,1
1726,1,24,1
1727,1,25,1
1728,1,26,1
1729,1,27,1
1730,1,28,1
1731,1,29,1
1732,1,30,1
1733,1,31,1
1734,1,32,1
1735,1,33,1
1736,1,34,1
1737,1,35,1
1738,1,36,1
1739,1,37,1
1740,1,38,1
1741,1,39,1
1742,1,40,1
1743,1,41,1
1744,1,42,1
1745,1,43,1
1746,1,44,1
1747,1,45,1
1748,1,46,1
1749,1,47,1
1750,1,48,1
1751,1,49,1
1752,1,50,1
1753,1,51,1
1754,1,52,1
1755,1,53,1
1756,1,54,1
1757,1,55,1
1758,1,56,1
1759,1,57,1
1760,1,58,1
1761,1,59,1
1762,1,60,1
1763,1,61,1
1764,1,62,1
1765,1,63,1
1766,1,64,1
1767,1,65,1
1768,1,66,1
1769,1,67,1
1770,1,68,1
1771,1,69,1
1772,1,70,1
1773,1,71,1
1774,1,72,1
1775,1,73,1
1776,1,74,1
1777,1,75,1
1778,1,76,1
1779,1,77,1
1780,1,78,1
1781,1,79,1
1782,1,80,1
1783,1,81,1
1784,1,82,1
1785,1,83,1
1786,1,84,1
1787,1,85,1
1788,1,86,1
1789,1,87,1
1790,1,88,1
1791,1,89,1
1792,1,90,1
1793,1,91,1
1794,1,92,1
1795,1,93,1
1796,1,94,1
1797,1,95,1
1798,1,96,1
1799,1,97,1
1800,1,98,1
1801,1,99,1
1802,1,100,1
1803,1,101,1
1804,1,102,1
1805,1,103,1
1806,1,104,1
1807,1,105,1
1808,1,106,1
1809,1,107,1
1810,1,108,1
1811,1,109,1
1812,1,110,1
1813,1,111,1
1814,1,112,1
1815,1,113,1
1816,1,114,1
1817,1,115,1
1818,1,116,1
1819,1,117,1
1820,1,118,1
1821,1,119,1
1822,1,120,1
1823,1,121,1
1824,1,122,1
1825,1,123,1
1826,1,124,1
1827,1,125,1
1828,1,126,1
1829,1,127,1
1830,1,128,1
1831,1,129,1
1832,1,130,1
1833,1,131,1
1834,1,132,1
1835,1,133,1
1836,1,134,1
1837,1,135,1
1838,1,136,1
1839,1,137,1
1840,1,138,1
1841,1,139,1
1842,1,140,1
1843,1,141,1
1844,1,142,1
1845,1,143,1
1846,1,144,1
1847,1,145,1
1848,1,146,1
1849,1,147,1
1850,1,148,1
1851,1,149,1
1852,1,150,1
1853,1,151,1
1854,1,152,1
1855,1,153,1
1856,1,154,1
1857,1,155,1
1858,1,156,1
1859,1,157,1
1860,1,158,1
1861,1,159,1
1862,1,160,1
1863,1,161,1
1864,1,162,1
1865,1,163,1
1866,1,164,1
1867,1,165,1
1868,1,166,1
1869,1,167,1
1870,1,168,1
1871,1,169,1
1872,1,170,1
1873,1,171,1
1874,1,172,1
1875,1,173,1
1876,1,174,1
1877,1,175,1
1878,1,176,1
1879,1,177,1
1880,1,178,1
1881,1,179,1
1882,1,180,1
1883,1,181,1
1884,1,182,1
1885,1,183,1
1886,1,184,1
1887,1,185,1
1888,1,186,1
1889,1,187,1
1890,1,188,1
1891,1,189,1
1892,1,190,1
1893,1,191,1
1894,1,192,1
1895,1,193,1
1896,1,194,1
1897,1,195,1
1898,1,196,1
1899,1,197,1
1900,1,198,1
1901,1,199,1
1902,1,200,1
1903,1,201,1
1904,1,202,1
1905,1,203,1
1906,1,204,1
1907,1,205,1
1908,1,206,1
1909,1,207,1
1910,1,208,1
1911,1,209,1
1912,1,210,1
1913,1,211,1
1914,1,212,1
1915,1,213,1
1916,1,214,1
1917,1,215,1
1918,1,216,1
1919,1,217,1
1920,1,218,1
1921,1,219,1
1922,1,220,1
1923,1,221,1
1924,1,222,1
1925,1,223,1
1926,1,224,1
1927,1,225,1
1928,1,226,1
1929,1,227,1
1930,1,228,1
1931,1,229,1
1932,1,230,1
1933,1,231,1
1934,1,232,1
1935,1,233,1
1936,1,234,1
1937,1,235,1
1938,1,236,1
1939,1,237,1
1940,1,238,1
1941,1,239,1
1942,1,240,1
1943,1,241,1
1944,1,242,1
1945,1,243,1
1946,1,244,1
1947,1,245,1
1948,1,246,1
1949,1,247,1
1950,1,248,1
1951,1,249,1
1952,1,250,1
1953,1,251,1
1954,1,252,1
1955,1,253,1
1956,1,254,1
1957,1,255,1
1958,1,256,1
1959,1,257,1
1960,1,258,1
1961,1,259,1
1962,1,260,1
1963,1,261,1
1964,1,262,1
1965,1,263,1
1966,1,264,1
1967,1,265,1
1968,1,266,1
1969,1,267,1
1970,1,268,1
1971,1,269,1
1972,1,270,1
1973,1,271,1
1974,1,272,1
1975,1,273,1
1976,1,274,1
1977,1,275,1
1978,1,276,1
1979,1,277,1
1980,1,278,1
1981,1,279,1
1982,1,280,1
1983,1,281,1
1984,1,282,1
1985,1,283,1
1986,1,284,1
1987,1,285,1
1988,1,286,1
1989,1,287,1
1990,1,288,1
1991,1,289,1
1992,1,290,1
1993,1,291,1
1994,1,292,1
1995,1,293,1
1996,1,294,1
1997,1,295,1
1998,1,296,1
1999,1,297,1
2000,1,298,1
2001,1,299,1
2002,1,300,1
2003,1,301,1
2004,1,302,1
2005,1,303,1
2006,1,304,1
2007,1,305,1
2008,1,306,1
2009,1,307,1
2010,1,308,1
2011,1,309,1
2012,1,310,1
2013,1,311,1
2014,1,312,1
2015,1,313,1
2016,1,314,1
2017,1,315,1
2018,1,316,1
2019,1,317,1
2020,1,318,1
2021,1,319,1
2022,1,320,1
2023,1,321,1
2024,1,322,1
2025,1,323,1
2026,1,324,1
2027,1,325,1
2028,1,326,1
2029,1,327,1
2030,1,328,1
2031,1,329,1
2032,1,330,1
2033,1,331,1
2034,1,332,1
2035,1,333,1
2036,1,334,1
2037,1,335,1
2038,1,336,1
2039,1,337,1
2040,1,338,1
2041,1,339,1
2042,1,340,1
2043,1,341,1
2044,1,342,1
2045,1,343,1
2046,1,344,1
2047,1,345,1
2048,1,346,1
2049,1,347,1
2050,1,348,1
2051,1,349,1
2052,1,350,1
2053,1,351,1
2054,1,352,1
2055,1,353,1
2056,1,354,1
2057,1,355,1
2058,1,356,1
2059,1,357,1
2060,1,358,1
2061,1,359,1
2062,1,360,1
2063,1,361,1
2064,1,362,1
2065,1,363,1
2066,1,364,1
2067,1,365,1
2068,1,366,1
2069,1,367,1
2070,1,368,1
2071,1,369,1
2072,1,370,1
2073,1,371,1
2074,1,372,1
2075,1,373,1
2076,1,374,1
2077,1,375,1
2078,1,376,1
2079,1,377,1
2080,1,378,1
2081,1,379,1
2082,1,380,1
2083,1,381,1
2084,1,382,1
2085,1,383,1
2086,1,384,1
2087,1,385,1
2088,1,386,1
2089,1,387,1
2090,1,388,1
2091,1,389,1
2092,1,390,1
2093,1,391,1
2094,1,392,1
2095,1,393,1
2096,1,394,1
2097,1,395,1
2098,1,396,1
2099,1,397,1
2100,1,398,1
2101,1,399,1
2102,1,400,1
2103,1,401,1
2104,1,402,1
2105,1,403,1
2106,1,404,1
2107,1,405,1
2108,1,406,1
2109,1,407,1
2110,1,408,1
2111,1,409,1
2112,1,410,1
2113,1,411,1
2114,1,412,1
2115,1,413,1
2116,1,414,1
2117,1,415,1
2118,1,416,1
2119,1,417,1
2120,1,418,1
2121,1,419,1
2122,1,420,1
2123,1,421,1
2124,1,422,1
2125,1,423,1
2126,1,424,1
2127,1,425,1
2128,1,426,1
2129,1,427,1
2130,1,428,1
2131,1,429,1
2132,1,430,1
2133,1,431,1
2134,1,432,1
2135,1,433,1
2136,1,434,1
2137,1,435,1
2138,1,436,1
2139,1,437,1
2140,1,438,1
2141,1,439,1
2142,1,440,1
2143,1,441,1
2144,1,442,1
2145,1,443,1
2146,1,444,1
2147,1,445,1
2148,1,446,1
2149,1,447,1
2150,1,448,1
2151,1,449,1
2152,1,450,1
2153,1,451,1
2154,1,452,1
2155,1,453,1
2156,1,454,1
2157,1,455,1
2158,1,456,1
2159,1,457,1
2160,1,458,1
2161,1,459,1
2162,1,460,1
2163,1,461,1
2164,1,462,1
2165,1,463,1
2166,1,464,1
2167,1,465,1
2168,1,466,1
2169,1,467,1
2170,1,468,1
2171,1,469,1
2172,1,470,1
2173,1,471,1
2174,1,472,1
2175,1,473,1
2176,1,474,1
2177,1,475,1
2178,1,476,1
2179,1,477,1
2180,1,478,1
2181,1,479,1
2182,1,480,1
2183,1,481,1
2184,1,482,1
2185,1,483,1
2186,1,484,1
2187,1,485,1
2188,1,486,1
2189,1,487,1
2190,1,488,1
2191,1,489,1
2192,1,490,1
2193,1,491,1
2194,1,492,1
2195,1,493,1
2196,1,494,1
2197,1,495,1
2198,1,496,1
2199,1,497,1
2200,1,498,1
2201,1,499,1
2202,1,500,1
2203,1,501,1
2204,1,502,1
2205,1,503,1
2206,1,504,1
2207,1,505,1
2208,1,506,1
2209,1,507,1
2210,1,508,1
2211,1,509,1
2212,1,510,1
2213,1,511,1
2214,1,512,1
2215,1,513,1
2216,1,514,1
2217,1,515,1
2218,1,516,1
2219,1,517,1
2220,1,518,1
2221,1,519,1
2222,1,520,1
2223,1,521,1
2224,1,522,1
2225,1,523,1
2226,1,524,1
2227,1,525,1
2228,1,526,1
2229,1,527,1
2230,1,528,1
2231,1,529,1
2232,1,530,1
2233,1,531,1
2234,1,532,1
2235,1,533,1
2236,1,534,1
2237,1,535,1
2238,1,536,1
2239,1,537,1
2240,1,538,1
2241,1,539,1
2242,1,540,1
2243,1,541,1
2244,1,542,1
2245,1,543,1
2246,1,544,1
2247,1,545,1
2248,1,546,1
2249,1,547,1
2250,1,548,1
2251,1,549,1
2252,1,550,1
2253,1,551,1
2254,1,552,1
2255,1,553,1
2256,1,554,1
2257,1,555,1
2258,1,556,1
2259,1,557,1
2260,1,558,1
2261,1,559,1
2262,1,560,1
2263,1,561,1
2264,1,562,1
2265,1,563,1
2266,1,564,1
2267,1,565,1
2268,1,566,1
2269,1,567,1
2270,1,568,1
2271,1,569,1
2272,1,570,1
2273,1,571,1
2274,1,572,1
2275,1,573,1
2276,1,574,1
2277,1,575,1
2278,1,576,1
2279,1,577,1
2280,1,578,1
2281,1,579,1
2282,1,580,1
2283,1,581,1
2284,1,582,1
2285,1,583,1
2286,1,584,1
2287,1,585,1
2288,1,586,1
2289,1,587,1
2290,1,588,1
2291,1,589,1
2292,1,590,1
2293,1,591,1
2294,1,592,1
2295,1,593,1
2296,1,594,1
2297,1,595,1
2298,1,596,1
2299,1,597,1
2300,1,598,1
2301,1,599,1
2302,1,600,1
2303,1,601,1
2304,1,602,1
2305,1,603,1
2306,1,604,1
2307,1,605,1
2308,1,606,1
2309,1,607,1
2310,1,608,1
2311,1,609,1
2312,1,610,1
2313,1,611,1
2314,1,612,1
2315,1,613,1
2316,1,614,1
2317,1,615,1
2318,1,616,1
2319,1,617,1
2320,1,618,1
2321,1,619,1
2322,1,620,1
2323,1,621,1
2324,1,622,1
2325,1,623,1
2326,1,624,1
2327,1,625,1
2328,1,626,1
2329,1,627,1
2330,1,628,1
2331,1,629,1
2332,1,630,1
2333,1,631,1
2334,1,632,1
2335,1,633,1
2336,1,634,1
2337,1,635,1
2338,1,636,1
2339,1,637,1
2340,1,638,1
2341,1,639,1
2342,1,640,1
2343,1,641,1
2344,1,642,1
2345,1,643,1
2346,1,644,1
2347,1,645,1
2348,1,646,1
2349,1,647,1
2350,1,648,1
2351,1,649,1
2352,1,650,1
2353,1,651,1
2354,1,652,1
2355,1,653,1
2356,1,654,1
2357,1,655,1
2358,1,656,1
2359,1,657,1
2360,1,658,1
2361,1,659,1
2362,1,660,1
2363,1,661,1
2364,1,662,1
2365,1,663,1
2366,1,664,1
2367,1,665,1
2368,1,666,1
2369,1,667,1
2370,1,668,1
2371,1,669,1
2372,1,670,1
2373,1,671,1
2374,1,672,1
2375,1,673,1
2376,1,674,1
2377,1,675,1
2378,1,676,1
2379,1,677,1
2380,1,678,1
2381,1,679,1
2382,1,680,1
2383,1,681,1
2384,1,682,1
2385,1,683,1
2386,1,684,1
2387,1,685,1
2388,1,686,1
2389,1,687,1
2390,1,688,1
2391,1,689,1
2392,1,690,1
2393,1,691,1
2394,1,692,1
2395,1,693,1
2396,1,694,1
2397,1,695,1
2398,1,696,1
2399,1,697,1
2400,1,698,1
2401,1,699,1
2402,1,700,1
2403,1,701,1
2404,1,702,1
2405,1,703,1
2406,1,704,1
2407,1,705,1
2408,1,706,1
2409,1,707,1
2410,1,708,1
2411,1,709,1
2412,1,710,1
2413,1,711,1
2414,1,712,1
2415,1,713,1
2416,1,714,1
2417,1,715,1
2418,1,716,1
2419,1,717,1
2420,1,718,1
2421,1,719,1
2422,1,720,1
2423,1,721,1
2424,1,722,1
2425,1,723,1
2426,1,724,1
2427,1,725,1
2428,1,726,1
2429,1,727,1
2430,1,728,1
2431,1,729,1
2432,1,730,1
2433,1,731,1
2434,1,732,1
2435,1,733,1
2436,1,734,1
2437,1,735,1
2438,1,736,1
2439,1,737,1
2440,1,738,1
2441,1,739,1
2442,1,740,1
2443,1,741,1
2444,1,742,1
2445,1,743,1
2446,1,744,1
2447,1,745,1
2448,1,746,1
2449,1,747,1
2450,1,748,1
2451,1,749,1
2452,1,750,1
2453,1,751,1
2454,1,752,1
2455,1,753,1
2456,1,754,1
2457,1,755,1
2458,1,756,1
2459,1,757,1
2460,1,758,1
2461,1,759,1
2462,1,760,1
2463,1,761,1
2464,1,762,1
2465,1,763,1
2466,1,764,1
2467,1,765,1
2468,1,766,1
2469,1,767,1
2470,1,768,1
2471,1,769,1
2472,1,770,1
2473,1,771,1
2474,1,772,1
2475,1,773,1
2476,1,774,1
2477,1,775,1
2478,1,776,1
2479,1,777,1
2480,1,778,1
2481,1,779,1
2482,1,780,1
2483,1,781,1
2484,1,782,1
2485,1,783,1
2486,1,784,1
2487,1,785,1
2488,1,786,1
2489,1,787,1
2490,1,788,1
2491,1,789,1
2492,1,790,1
2493,1,791,1
2494,1,792,1
2495,1,793,1
2496,1,794,1
2497,1,795,1
2498,1,796,1
2499,1,797,1
2500,1,798,1
2501,1,799,1
2502,1,800,1
2503,1,801,1
2504,1,802,1
2505,1,803,1
2506,1,804,1
2507,1,805,1
2508,1,806,1
2509,1,807,1
2510,1,808,1
2511,1,809,1
2512,1,810,1
2513,1,811,1
2514,1,812,1
2515,1,813,1
2516,1,814,1
2517,1,815,1
2518,1,816,1
2519,1,817,1
2520,1,818,1
2521,1,819,1
2522,1,820,1
2523,1,821,1
2524,1,822,1
2525,1,823,1
2526,1,824,1
2527,1,825,1
2528,1,826,1
2529,1,827,1
2530,1,828,1
2531,1,829,1
2532,1,830,1
2533,1,831,1
2534,1,832,1
2535,1,833,1
2536,1,834,1
2537,1,835,1
2538,1,836,1
2539,1,837,1
2540,1,838,1
2541,1,839,1
2542,1,840,1
2543,1,841,1
2544,1,842,1
2545,1,843,1
2546,1,844,1
2547,1,845,1
2548,1,846,1
2549,1,847,1
2550,1,848,1
2551,1,849,1
2552,1,850,1
