emotion_id,emotion_name,band_id,band_name,channel_id,channel_name,relative_attribution
0,Negative,0,Delta,0,FP1,0.002341168001294136
0,Negative,0,Delta,1,FPZ,0.0010653883218765259
0,Negative,0,Delta,2,FP2,0.001356235472485423
0,Negative,0,Delta,3,AF3,0.0022403632756322622
0,Negative,0,Delta,4,AF4,0.0014470297610387206
0,Negative,0,Delta,5,F7,0.0007935880566947162
0,Negative,0,Delta,6,F5,0.0024769350420683622
0,Negative,0,Delta,7,F3,0.000556020182557404
0,Negative,0,Delta,8,F1,0.0025439239107072353
0,Negative,0,Delta,9,FZ,0.0011824718676507473
0,Negative,0,Delta,10,F2,0.002094275550916791
0,Negative,0,Delta,11,F4,0.0008991144713945687
0,Negative,0,Delta,12,F6,0.0009431429207324982
0,Negative,0,Delta,13,F8,0.0035938562359660864
0,Negative,0,Delta,14,FT7,0.002675700467079878
0,Negative,0,Delta,15,FC5,0.0015186863020062447
0,Negative,0,Delta,16,FC3,0.001317348564043641
0,Negative,0,Delta,17,FC1,0.003873552894219756
0,Negative,0,Delta,18,FCZ,0.0028065084479749203
0,Negative,0,Delta,19,FC2,0.001696377177722752
0,Negative,0,Delta,20,FC4,0.0011455387575551867
0,Negative,0,Delta,21,FC6,0.0029877698980271816
0,Negative,0,Delta,22,FT8,0.0022561619989573956
0,Negative,0,Delta,23,T7,0.0012245324905961752
0,Negative,0,Delta,24,C5,0.0010799583978950977
0,Negative,0,Delta,25,C3,0.0007524878019466996
0,Negative,0,Delta,26,C1,0.001135275699198246
0,Negative,0,Delta,27,CZ,0.00261825043708086
0,Negative,0,Delta,28,C2,0.003310256637632847
0,Negative,0,Delta,29,C4,0.0018586756195873022
0,Negative,0,Delta,30,C6,0.0022907452657818794
0,Negative,0,Delta,31,T8,0.002043599495664239
0,Negative,0,Delta,32,TP7,0.0013059702469035983
0,Negative,0,Delta,33,CP5,0.00047929183347150683
0,Negative,0,Delta,34,CP3,0.0012071996461600065
0,Negative,0,Delta,35,CP1,0.0020239369478076696
0,Negative,0,Delta,36,CPZ,0.0024806123692542315
0,Negative,0,Delta,37,CP2,0.001045780722051859
0,Negative,0,Delta,38,CP4,0.0018789302557706833
0,Negative,0,Delta,39,CP6,0.0023926340509206057
0,Negative,0,Delta,40,TP8,0.0027887728065252304
0,Negative,0,Delta,41,P7,0.002009436720982194
0,Negative,0,Delta,42,P5,0.0009076895657926798
0,Negative,0,Delta,43,P3,0.0007806519279256463
0,Negative,0,Delta,44,P1,0.002897057682275772
0,Negative,0,Delta,45,PZ,0.001432905555702746
0,Negative,0,Delta,46,P2,0.007375866640359163
0,Negative,0,Delta,47,P4,0.002112763235345483
0,Negative,0,Delta,48,P6,0.002855501836165786
0,Negative,0,Delta,49,P8,0.0009292816394008696
0,Negative,0,Delta,50,PO7,0.0004768726648762822
0,Negative,0,Delta,51,PO5,0.0010830904357135296
0,Negative,0,Delta,52,PO3,0.0011290902039036155
0,Negative,0,Delta,53,POZ,0.00089080142788589
0,Negative,0,Delta,54,PO4,0.003312822664156556
0,Negative,0,Delta,55,PO6,0.0015991742257028818
0,Negative,0,Delta,56,PO8,0.0009864780586212873
0,Negative,0,Delta,57,CB1,0.002298450330272317
0,Negative,0,Delta,58,O1,0.0013336280826479197
0,Negative,0,Delta,59,OZ,0.0037716147489845753
0,Negative,0,Delta,60,O2,0.002348555251955986
0,Negative,0,Delta,61,CB2,0.0012724908301606774
0,Negative,1,Theta,0,FP1,0.002305276459082961
0,Negative,1,Theta,1,FPZ,0.002807562006637454
0,Negative,1,Theta,2,FP2,0.0038307940121740103
0,Negative,1,Theta,3,AF3,0.004106021486222744
0,Negative,1,Theta,4,AF4,0.002859224798157811
0,Negative,1,Theta,5,F7,0.0063307397067546844
0,Negative,1,Theta,6,F5,0.0047586290165781975
0,Negative,1,Theta,7,F3,0.0021095327101647854
0,Negative,1,Theta,8,F1,0.0030445887241512537
0,Negative,1,Theta,9,FZ,0.002420026110485196
0,Negative,1,Theta,10,F2,0.0027601239271461964
0,Negative,1,Theta,11,F4,0.004148377571254969
0,Negative,1,Theta,12,F6,0.003167900489643216
0,Negative,1,Theta,13,F8,0.004929425660520792
0,Negative,1,Theta,14,FT7,0.005791650153696537
0,Negative,1,Theta,15,FC5,0.004268074873834848
0,Negative,1,Theta,16,FC3,0.004423698876053095
0,Negative,1,Theta,17,FC1,0.0022336661349982023
0,Negative,1,Theta,18,FCZ,0.005029907450079918
0,Negative,1,Theta,19,FC2,0.0027203785721212626
0,Negative,1,Theta,20,FC4,0.00271244952455163
0,Negative,1,Theta,21,FC6,0.00439107371494174
0,Negative,1,Theta,22,FT8,0.0032816727180033922
0,Negative,1,Theta,23,T7,0.00528803002089262
0,Negative,1,Theta,24,C5,0.006071825046092272
0,Negative,1,Theta,25,C3,0.005260879173874855
0,Negative,1,Theta,26,C1,0.004636002238839865
0,Negative,1,Theta,27,CZ,0.004253902472555637
0,Negative,1,Theta,28,C2,0.0019006371730938554
0,Negative,1,Theta,29,C4,0.003154102247208357
0,Negative,1,Theta,30,C6,0.008773291483521461
0,Negative,1,Theta,31,T8,0.0038854628801345825
0,Negative,1,Theta,32,TP7,0.0022913923021405935
0,Negative,1,Theta,33,CP5,0.0027648014947772026
0,Negative,1,Theta,34,CP3,0.005086152348667383
0,Negative,1,Theta,35,CP1,0.0037370966747403145
0,Negative,1,Theta,36,CPZ,0.0033124948386102915
0,Negative,1,Theta,37,CP2,0.004626012407243252
0,Negative,1,Theta,38,CP4,0.0033774408511817455
0,Negative,1,Theta,39,CP6,0.0024798994418233633
0,Negative,1,Theta,40,TP8,0.0037385013420134783
0,Negative,1,Theta,41,P7,0.004309298004955053
0,Negative,1,Theta,42,P5,0.002229752019047737
0,Negative,1,Theta,43,P3,0.00755594577640295
0,Negative,1,Theta,44,P1,0.004229492507874966
0,Negative,1,Theta,45,PZ,0.007866463623940945
0,Negative,1,Theta,46,P2,0.00499107176437974
0,Negative,1,Theta,47,P4,0.005235567688941956
0,Negative,1,Theta,48,P6,0.001965949544683099
0,Negative,1,Theta,49,P8,0.0011628788197413087
0,Negative,1,Theta,50,PO7,0.002193453488871455
0,Negative,1,Theta,51,PO5,0.0014534840593114495
0,Negative,1,Theta,52,PO3,0.003630284918472171
0,Negative,1,Theta,53,POZ,0.006047758739441633
0,Negative,1,Theta,54,PO4,0.004878992680460215
0,Negative,1,Theta,55,PO6,0.0014593712985515594
0,Negative,1,Theta,56,PO8,0.002647529821842909
0,Negative,1,Theta,57,CB1,0.004798952490091324
0,Negative,1,Theta,58,O1,0.003013037145137787
0,Negative,1,Theta,59,OZ,0.001881584757938981
0,Negative,1,Theta,60,O2,0.0020898308139294386
0,Negative,1,Theta,61,CB2,0.0016728272894397378
0,Negative,2,Alpha,0,FP1,0.0022640067618340254
0,Negative,2,Alpha,1,FPZ,0.0032559894025325775
0,Negative,2,Alpha,2,FP2,0.0013946430990472436
0,Negative,2,Alpha,3,AF3,0.0013150781160220504
0,Negative,2,Alpha,4,AF4,0.0008313070284202695
0,Negative,2,Alpha,5,F7,0.0034678452648222446
0,Negative,2,Alpha,6,F5,0.002925430191680789
0,Negative,2,Alpha,7,F3,0.003964587114751339
0,Negative,2,Alpha,8,F1,0.004748750478029251
0,Negative,2,Alpha,9,FZ,0.002951714675873518
0,Negative,2,Alpha,10,F2,0.005387470591813326
0,Negative,2,Alpha,11,F4,0.0021082847379148006
0,Negative,2,Alpha,12,F6,0.0035221800208091736
0,Negative,2,Alpha,13,F8,0.0014916190411895514
0,Negative,2,Alpha,14,FT7,0.0039438907988369465
0,Negative,2,Alpha,15,FC5,0.0036724053788930178
0,Negative,2,Alpha,16,FC3,0.0036050996277481318
0,Negative,2,Alpha,17,FC1,0.0017681590979918838
0,Negative,2,Alpha,18,FCZ,0.0014046344440430403
0,Negative,2,Alpha,19,FC2,0.0022571615409106016
0,Negative,2,Alpha,20,FC4,0.0020861749071627855
0,Negative,2,Alpha,21,FC6,0.0019832078833132982
0,Negative,2,Alpha,22,FT8,0.0024438039399683475
0,Negative,2,Alpha,23,T7,0.0010200917022302747
0,Negative,2,Alpha,24,C5,0.005205322988331318
0,Negative,2,Alpha,25,C3,0.0017330319387838244
0,Negative,2,Alpha,26,C1,0.003937314264476299
0,Negative,2,Alpha,27,CZ,0.001774895004928112
0,Negative,2,Alpha,28,C2,0.0010490885470062494
0,Negative,2,Alpha,29,C4,0.0012015295214951038
0,Negative,2,Alpha,30,C6,0.0034706704318523407
0,Negative,2,Alpha,31,T8,0.00179953221231699
0,Negative,2,Alpha,32,TP7,0.0016652568010613322
0,Negative,2,Alpha,33,CP5,0.0028737413231283426
0,Negative,2,Alpha,34,CP3,0.001450844923965633
0,Negative,2,Alpha,35,CP1,0.0006304896087385714
0,Negative,2,Alpha,36,CPZ,0.001135584432631731
0,Negative,2,Alpha,37,CP2,0.004951286129653454
0,Negative,2,Alpha,38,CP4,0.0008172669331543148
0,Negative,2,Alpha,39,CP6,0.0031590270809829235
0,Negative,2,Alpha,40,TP8,0.003073142608627677
0,Negative,2,Alpha,41,P7,0.0012501779710873961
0,Negative,2,Alpha,42,P5,0.0013406712096184492
0,Negative,2,Alpha,43,P3,0.0015069613000378013
0,Negative,2,Alpha,44,P1,0.010767336003482342
0,Negative,2,Alpha,45,PZ,0.0023278221487998962
0,Negative,2,Alpha,46,P2,0.0008749759872443974
0,Negative,2,Alpha,47,P4,0.001997662940993905
0,Negative,2,Alpha,48,P6,0.0015052297385409474
0,Negative,2,Alpha,49,P8,0.0014506318839266896
0,Negative,2,Alpha,50,PO7,0.0010443534702062607
0,Negative,2,Alpha,51,PO5,0.0018857300747185946
0,Negative,2,Alpha,52,PO3,0.005840488709509373
0,Negative,2,Alpha,53,POZ,0.001008462393656373
0,Negative,2,Alpha,54,PO4,0.0013072730507701635
0,Negative,2,Alpha,55,PO6,0.0012542353942990303
0,Negative,2,Alpha,56,PO8,0.0015134921995922923
0,Negative,2,Alpha,57,CB1,0.0034218195360153913
0,Negative,2,Alpha,58,O1,0.003114640712738037
0,Negative,2,Alpha,59,OZ,0.0033778573852032423
0,Negative,2,Alpha,60,O2,0.0031223888508975506
0,Negative,2,Alpha,61,CB2,0.0011884369887411594
0,Negative,3,Beta,0,FP1,0.00519142672419548
0,Negative,3,Beta,1,FPZ,0.019192814826965332
0,Negative,3,Beta,2,FP2,0.007081055548042059
0,Negative,3,Beta,3,AF3,0.008712678216397762
0,Negative,3,Beta,4,AF4,0.0010368776274845004
0,Negative,3,Beta,5,F7,0.006060582119971514
0,Negative,3,Beta,6,F5,0.0031601348891854286
0,Negative,3,Beta,7,F3,0.0056154620833694935
0,Negative,3,Beta,8,F1,0.0018652277067303658
0,Negative,3,Beta,9,FZ,0.006071998737752438
0,Negative,3,Beta,10,F2,0.01333570946007967
0,Negative,3,Beta,11,F4,0.010644091293215752
0,Negative,3,Beta,12,F6,0.0037482967600226402
0,Negative,3,Beta,13,F8,0.00694515835493803
0,Negative,3,Beta,14,FT7,0.0016990653239190578
0,Negative,3,Beta,15,FC5,0.0025406708009541035
0,Negative,3,Beta,16,FC3,0.00759994937106967
0,Negative,3,Beta,17,FC1,0.0016456689918413758
0,Negative,3,Beta,18,FCZ,0.009191975928843021
0,Negative,3,Beta,19,FC2,0.001550343120470643
0,Negative,3,Beta,20,FC4,0.005492422264069319
0,Negative,3,Beta,21,FC6,0.0026278719305992126
0,Negative,3,Beta,22,FT8,0.010378486476838589
0,Negative,3,Beta,23,T7,0.021243693307042122
0,Negative,3,Beta,24,C5,0.003887693863362074
0,Negative,3,Beta,25,C3,0.008748024702072144
0,Negative,3,Beta,26,C1,0.0037007753271609545
0,Negative,3,Beta,27,CZ,0.0011488251620903611
0,Negative,3,Beta,28,C2,0.0018934485269710422
0,Negative,3,Beta,29,C4,0.0037159554194658995
0,Negative,3,Beta,30,C6,0.0008002255344763398
0,Negative,3,Beta,31,T8,0.009067864157259464
0,Negative,3,Beta,32,TP7,0.0018043175805360079
0,Negative,3,Beta,33,CP5,0.002444128505885601
0,Negative,3,Beta,34,CP3,0.004421050660312176
0,Negative,3,Beta,35,CP1,0.0014368339907377958
0,Negative,3,Beta,36,CPZ,0.0009498964645899832
0,Negative,3,Beta,37,CP2,0.004228139296174049
0,Negative,3,Beta,38,CP4,0.0027018894907087088
0,Negative,3,Beta,39,CP6,0.009128897450864315
0,Negative,3,Beta,40,TP8,0.009985511191189289
0,Negative,3,Beta,41,P7,0.004253091756254435
0,Negative,3,Beta,42,P5,0.002075430704280734
0,Negative,3,Beta,43,P3,0.006399644538760185
0,Negative,3,Beta,44,P1,0.01085715927183628
0,Negative,3,Beta,45,PZ,0.004743303172290325
0,Negative,3,Beta,46,P2,0.005541636608541012
0,Negative,3,Beta,47,P4,0.004756924230605364
0,Negative,3,Beta,48,P6,0.0010639817919582129
0,Negative,3,Beta,49,P8,0.0017434710171073675
0,Negative,3,Beta,50,PO7,0.0028971717692911625
0,Negative,3,Beta,51,PO5,0.0023899958468973637
0,Negative,3,Beta,52,PO3,0.005741461180150509
0,Negative,3,Beta,53,POZ,0.004061442334204912
0,Negative,3,Beta,54,PO4,0.004840843379497528
0,Negative,3,Beta,55,PO6,0.0065916720777750015
0,Negative,3,Beta,56,PO8,0.006622667424380779
0,Negative,3,Beta,57,CB1,0.007873468101024628
0,Negative,3,Beta,58,O1,0.0071108778938651085
0,Negative,3,Beta,59,OZ,0.004752941429615021
0,Negative,3,Beta,60,O2,0.007432208396494389
0,Negative,3,Beta,61,CB2,0.0038811464328318834
0,Negative,4,Gamma,0,FP1,0.0037677467335015535
0,Negative,4,Gamma,1,FPZ,0.008628071285784245
0,Negative,4,Gamma,2,FP2,0.0034008973743766546
0,Negative,4,Gamma,3,AF3,0.003247754415497184
0,Negative,4,Gamma,4,AF4,0.0006310460157692432
0,Negative,4,Gamma,5,F7,0.003994977567344904
0,Negative,4,Gamma,6,F5,0.0022500238846987486
0,Negative,4,Gamma,7,F3,0.0012525394558906555
0,Negative,4,Gamma,8,F1,0.0010404357453808188
0,Negative,4,Gamma,9,FZ,0.0007752383826300502
0,Negative,4,Gamma,10,F2,0.0025157718919217587
0,Negative,4,Gamma,11,F4,0.0027455249801278114
0,Negative,4,Gamma,12,F6,0.0009720092639327049
0,Negative,4,Gamma,13,F8,0.0008288031676784158
0,Negative,4,Gamma,14,FT7,0.0012076355051249266
0,Negative,4,Gamma,15,FC5,0.0019026394002139568
0,Negative,4,Gamma,16,FC3,0.0008365845424123108
0,Negative,4,Gamma,17,FC1,0.001180293271318078
0,Negative,4,Gamma,18,FCZ,0.0007852578419260681
0,Negative,4,Gamma,19,FC2,0.0016016053268685937
0,Negative,4,Gamma,20,FC4,0.0035375666338950396
0,Negative,4,Gamma,21,FC6,0.0022138410713523626
0,Negative,4,Gamma,22,FT8,0.0027251755818724632
0,Negative,4,Gamma,23,T7,0.006206783931702375
0,Negative,4,Gamma,24,C5,0.0013537657214328647
0,Negative,4,Gamma,25,C3,0.0009084877092391253
0,Negative,4,Gamma,26,C1,0.0011315821902826428
0,Negative,4,Gamma,27,CZ,0.002081072423607111
0,Negative,4,Gamma,28,C2,0.0008046183502301574
0,Negative,4,Gamma,29,C4,0.0008345745736733079
0,Negative,4,Gamma,30,C6,0.0009119719034060836
0,Negative,4,Gamma,31,T8,0.005448564887046814
0,Negative,4,Gamma,32,TP7,0.0030782341491431
0,Negative,4,Gamma,33,CP5,0.0023373274598270655
0,Negative,4,Gamma,34,CP3,0.0007398367743007839
0,Negative,4,Gamma,35,CP1,0.00192489183973521
0,Negative,4,Gamma,36,CPZ,0.0012008928461000323
0,Negative,4,Gamma,37,CP2,0.0018114690901711583
0,Negative,4,Gamma,38,CP4,0.0051762405782938
0,Negative,4,Gamma,39,CP6,0.005309742409735918
0,Negative,4,Gamma,40,TP8,0.008252758532762527
0,Negative,4,Gamma,41,P7,0.0025586627889424562
0,Negative,4,Gamma,42,P5,0.0027497282717376947
0,Negative,4,Gamma,43,P3,0.0009723491966724396
0,Negative,4,Gamma,44,P1,0.00858952384442091
0,Negative,4,Gamma,45,PZ,0.0024672013241797686
0,Negative,4,Gamma,46,P2,0.0017430366715416312
0,Negative,4,Gamma,47,P4,0.001636986155062914
0,Negative,4,Gamma,48,P6,0.001841185032390058
0,Negative,4,Gamma,49,P8,0.0011499521788209677
0,Negative,4,Gamma,50,PO7,0.001991487806662917
0,Negative,4,Gamma,51,PO5,0.0010719832498580217
0,Negative,4,Gamma,52,PO3,0.0019895865116268396
0,Negative,4,Gamma,53,POZ,0.0010539147770032287
0,Negative,4,Gamma,54,PO4,0.002385745756328106
0,Negative,4,Gamma,55,PO6,0.003007373306900263
0,Negative,4,Gamma,56,PO8,0.005037236493080854
0,Negative,4,Gamma,57,CB1,0.0048520527780056
0,Negative,4,Gamma,58,O1,0.003686003852635622
0,Negative,4,Gamma,59,OZ,0.0016801581950858235
0,Negative,4,Gamma,60,O2,0.0014788011321797967
0,Negative,4,Gamma,61,CB2,0.0014203538885340095
1,Neutral,0,Delta,0,FP1,0.0036552599631249905
1,Neutral,0,Delta,1,FPZ,0.0014835428446531296
1,Neutral,0,Delta,2,FP2,0.002186080440878868
1,Neutral,0,Delta,3,AF3,0.0025613780599087477
1,Neutral,0,Delta,4,AF4,0.0010076721664518118
1,Neutral,0,Delta,5,F7,0.0014672211837023497
1,Neutral,0,Delta,6,F5,0.0021636569872498512
1,Neutral,0,Delta,7,F3,0.0007279434939846396
1,Neutral,0,Delta,8,F1,0.002093368675559759
1,Neutral,0,Delta,9,FZ,0.0010423725470900536
1,Neutral,0,Delta,10,F2,0.003144973423331976
1,Neutral,0,Delta,11,F4,0.0008972414070740342
1,Neutral,0,Delta,12,F6,0.0011878667864948511
1,Neutral,0,Delta,13,F8,0.006697032600641251
1,Neutral,0,Delta,14,FT7,0.003453720360994339
1,Neutral,0,Delta,15,FC5,0.0020643447060137987
1,Neutral,0,Delta,16,FC3,0.0010468971449881792
1,Neutral,0,Delta,17,FC1,0.002573383739218116
1,Neutral,0,Delta,18,FCZ,0.002804762916639447
1,Neutral,0,Delta,19,FC2,0.001107969437725842
1,Neutral,0,Delta,20,FC4,0.002157670445740223
1,Neutral,0,Delta,21,FC6,0.003352261846885085
1,Neutral,0,Delta,22,FT8,0.0035052874591201544
1,Neutral,0,Delta,23,T7,0.001534653827548027
1,Neutral,0,Delta,24,C5,0.000776501081418246
1,Neutral,0,Delta,25,C3,0.0004300611326470971
1,Neutral,0,Delta,26,C1,0.001815308234654367
1,Neutral,0,Delta,27,CZ,0.002159533090889454
1,Neutral,0,Delta,28,C2,0.003026263089850545
1,Neutral,0,Delta,29,C4,0.003134854370728135
1,Neutral,0,Delta,30,C6,0.002943584928289056
1,Neutral,0,Delta,31,T8,0.003632494481280446
1,Neutral,0,Delta,32,TP7,0.0016471794806420803
1,Neutral,0,Delta,33,CP5,0.0009824942098930478
1,Neutral,0,Delta,34,CP3,0.0009481043671257794
1,Neutral,0,Delta,35,CP1,0.0021636812016367912
1,Neutral,0,Delta,36,CPZ,0.002753229346126318
1,Neutral,0,Delta,37,CP2,0.0011809548595920205
1,Neutral,0,Delta,38,CP4,0.0011928090825676918
1,Neutral,0,Delta,39,CP6,0.0020673517137765884
1,Neutral,0,Delta,40,TP8,0.002685416489839554
1,Neutral,0,Delta,41,P7,0.0026195321697741747
1,Neutral,0,Delta,42,P5,0.0007134857005439699
1,Neutral,0,Delta,43,P3,0.0007461957866325974
1,Neutral,0,Delta,44,P1,0.005029984749853611
1,Neutral,0,Delta,45,PZ,0.0018710779258981347
1,Neutral,0,Delta,46,P2,0.005966102704405785
1,Neutral,0,Delta,47,P4,0.003329097991809249
1,Neutral,0,Delta,48,P6,0.002834202256053686
1,Neutral,0,Delta,49,P8,0.0007234998629428446
1,Neutral,0,Delta,50,PO7,0.0006459986325353384
1,Neutral,0,Delta,51,PO5,0.001179667073301971
1,Neutral,0,Delta,52,PO3,0.0008058607927523553
1,Neutral,0,Delta,53,POZ,0.0015424789162352681
1,Neutral,0,Delta,54,PO4,0.0022811952512711287
1,Neutral,0,Delta,55,PO6,0.0016921350033953786
1,Neutral,0,Delta,56,PO8,0.0010351378004997969
1,Neutral,0,Delta,57,CB1,0.002720162272453308
1,Neutral,0,Delta,58,O1,0.0012560226023197174
1,Neutral,0,Delta,59,OZ,0.0027729435823857784
1,Neutral,0,Delta,60,O2,0.002058850135654211
1,Neutral,0,Delta,61,CB2,0.0015569173265248537
1,Neutral,1,Theta,0,FP1,0.002861980115994811
1,Neutral,1,Theta,1,FPZ,0.002880976302549243
1,Neutral,1,Theta,2,FP2,0.004739024676382542
1,Neutral,1,Theta,3,AF3,0.004772822372615337
1,Neutral,1,Theta,4,AF4,0.00248603243380785
1,Neutral,1,Theta,5,F7,0.004447306040674448
1,Neutral,1,Theta,6,F5,0.004531871527433395
1,Neutral,1,Theta,7,F3,0.0018561950419098139
1,Neutral,1,Theta,8,F1,0.003836322808638215
1,Neutral,1,Theta,9,FZ,0.0020919283851981163
1,Neutral,1,Theta,10,F2,0.0025823914911597967
1,Neutral,1,Theta,11,F4,0.0032019668724387884
1,Neutral,1,Theta,12,F6,0.004663268569856882
1,Neutral,1,Theta,13,F8,0.006804915145039558
1,Neutral,1,Theta,14,FT7,0.007139095105230808
1,Neutral,1,Theta,15,FC5,0.005319611169397831
1,Neutral,1,Theta,16,FC3,0.006797119043767452
1,Neutral,1,Theta,17,FC1,0.0026835850439965725
1,Neutral,1,Theta,18,FCZ,0.0039893025532364845
1,Neutral,1,Theta,19,FC2,0.002128998516127467
1,Neutral,1,Theta,20,FC4,0.0035358211025595665
1,Neutral,1,Theta,21,FC6,0.0037493922282010317
1,Neutral,1,Theta,22,FT8,0.003414696780964732
1,Neutral,1,Theta,23,T7,0.005120174027979374
1,Neutral,1,Theta,24,C5,0.0063338507898151875
1,Neutral,1,Theta,25,C3,0.007586626335978508
1,Neutral,1,Theta,26,C1,0.005476859398186207
1,Neutral,1,Theta,27,CZ,0.003680209396407008
1,Neutral,1,Theta,28,C2,0.0014334502629935741
1,Neutral,1,Theta,29,C4,0.004659566562622786
1,Neutral,1,Theta,30,C6,0.010653466917574406
1,Neutral,1,Theta,31,T8,0.0032441557850688696
1,Neutral,1,Theta,32,TP7,0.0030354736372828484
1,Neutral,1,Theta,33,CP5,0.003305196762084961
1,Neutral,1,Theta,34,CP3,0.007735054939985275
1,Neutral,1,Theta,35,CP1,0.0029501724056899548
1,Neutral,1,Theta,36,CPZ,0.0032439955975860357
1,Neutral,1,Theta,37,CP2,0.003763263812288642
1,Neutral,1,Theta,38,CP4,0.00286081712692976
1,Neutral,1,Theta,39,CP6,0.0017920691752806306
1,Neutral,1,Theta,40,TP8,0.002611178671941161
1,Neutral,1,Theta,41,P7,0.005741973873227835
1,Neutral,1,Theta,42,P5,0.002665354171767831
1,Neutral,1,Theta,43,P3,0.00869394838809967
1,Neutral,1,Theta,44,P1,0.003617609618231654
1,Neutral,1,Theta,45,PZ,0.009011760354042053
1,Neutral,1,Theta,46,P2,0.0056378585286438465
1,Neutral,1,Theta,47,P4,0.004795567598193884
1,Neutral,1,Theta,48,P6,0.002597616985440254
1,Neutral,1,Theta,49,P8,0.0013438023161143064
1,Neutral,1,Theta,50,PO7,0.001993143232539296
1,Neutral,1,Theta,51,PO5,0.0011485202703624964
1,Neutral,1,Theta,52,PO3,0.004117686301469803
1,Neutral,1,Theta,53,POZ,0.0066124810837209225
1,Neutral,1,Theta,54,PO4,0.0035258354619145393
1,Neutral,1,Theta,55,PO6,0.001936084940098226
1,Neutral,1,Theta,56,PO8,0.0022819815203547478
1,Neutral,1,Theta,57,CB1,0.005531856790184975
1,Neutral,1,Theta,58,O1,0.0026518534868955612
1,Neutral,1,Theta,59,OZ,0.002626658882945776
1,Neutral,1,Theta,60,O2,0.0024788379669189453
1,Neutral,1,Theta,61,CB2,0.0013572185998782516
1,Neutral,2,Alpha,0,FP1,0.0034309937618672848
1,Neutral,2,Alpha,1,FPZ,0.0046753608621656895
1,Neutral,2,Alpha,2,FP2,0.002520359121263027
1,Neutral,2,Alpha,3,AF3,0.0012951218523085117
1,Neutral,2,Alpha,4,AF4,0.0006587618845514953
1,Neutral,2,Alpha,5,F7,0.004842008464038372
1,Neutral,2,Alpha,6,F5,0.0045541683211922646
1,Neutral,2,Alpha,7,F3,0.004477394744753838
1,Neutral,2,Alpha,8,F1,0.006324473302811384
1,Neutral,2,Alpha,9,FZ,0.0037935408763587475
1,Neutral,2,Alpha,10,F2,0.007548116613179445
1,Neutral,2,Alpha,11,F4,0.0018414193764328957
1,Neutral,2,Alpha,12,F6,0.0034331572242081165
1,Neutral,2,Alpha,13,F8,0.0017903117695823312
1,Neutral,2,Alpha,14,FT7,0.0036681178025901318
1,Neutral,2,Alpha,15,FC5,0.003518263576552272
1,Neutral,2,Alpha,16,FC3,0.004482059273868799
1,Neutral,2,Alpha,17,FC1,0.0020505720749497414
1,Neutral,2,Alpha,18,FCZ,0.002150202402845025
1,Neutral,2,Alpha,19,FC2,0.003141503781080246
1,Neutral,2,Alpha,20,FC4,0.0038545953575521708
1,Neutral,2,Alpha,21,FC6,0.0029795223381370306
1,Neutral,2,Alpha,22,FT8,0.0032777925953269005
1,Neutral,2,Alpha,23,T7,0.0006507810903713107
1,Neutral,2,Alpha,24,C5,0.005139188375324011
1,Neutral,2,Alpha,25,C3,0.0014493451453745365
1,Neutral,2,Alpha,26,C1,0.004810607060790062
1,Neutral,2,Alpha,27,CZ,0.001795521704480052
1,Neutral,2,Alpha,28,C2,0.0013550753938034177
1,Neutral,2,Alpha,29,C4,0.002455624984577298
1,Neutral,2,Alpha,30,C6,0.005861492827534676
1,Neutral,2,Alpha,31,T8,0.001446990412659943
1,Neutral,2,Alpha,32,TP7,0.0017184242606163025
1,Neutral,2,Alpha,33,CP5,0.004055027384310961
1,Neutral,2,Alpha,34,CP3,0.00202907994389534
1,Neutral,2,Alpha,35,CP1,0.0005342938238754869
1,Neutral,2,Alpha,36,CPZ,0.0006660741055384278
1,Neutral,2,Alpha,37,CP2,0.0065674916841089725
1,Neutral,2,Alpha,38,CP4,0.000999100157059729
1,Neutral,2,Alpha,39,CP6,0.0033122648019343615
1,Neutral,2,Alpha,40,TP8,0.0038896403275430202
1,Neutral,2,Alpha,41,P7,0.0014966899761930108
1,Neutral,2,Alpha,42,P5,0.001721534295938909
1,Neutral,2,Alpha,43,P3,0.0012854983797296882
1,Neutral,2,Alpha,44,P1,0.014232469722628593
1,Neutral,2,Alpha,45,PZ,0.0029414526652544737
1,Neutral,2,Alpha,46,P2,0.0008628008654341102
1,Neutral,2,Alpha,47,P4,0.0036236403975635767
1,Neutral,2,Alpha,48,P6,0.0011434955522418022
1,Neutral,2,Alpha,49,P8,0.001191672752611339
1,Neutral,2,Alpha,50,PO7,0.0013756918488070369
1,Neutral,2,Alpha,51,PO5,0.0023698187433183193
1,Neutral,2,Alpha,52,PO3,0.008266054093837738
1,Neutral,2,Alpha,53,POZ,0.0010822556214407086
1,Neutral,2,Alpha,54,PO4,0.0014747395180165768
1,Neutral,2,Alpha,55,PO6,0.0020169331692159176
1,Neutral,2,Alpha,56,PO8,0.002288899617269635
1,Neutral,2,Alpha,57,CB1,0.00433257594704628
1,Neutral,2,Alpha,58,O1,0.003957401029765606
1,Neutral,2,Alpha,59,OZ,0.005425817798823118
1,Neutral,2,Alpha,60,O2,0.0053123789839446545
1,Neutral,2,Alpha,61,CB2,0.00182148942258209
1,Neutral,3,Beta,0,FP1,0.005678318906575441
1,Neutral,3,Beta,1,FPZ,0.016178926452994347
1,Neutral,3,Beta,2,FP2,0.004109883215278387
1,Neutral,3,Beta,3,AF3,0.003452431643381715
1,Neutral,3,Beta,4,AF4,0.0009102327167056501
1,Neutral,3,Beta,5,F7,0.006013709586113691
1,Neutral,3,Beta,6,F5,0.003470473224297166
1,Neutral,3,Beta,7,F3,0.005070068407803774
1,Neutral,3,Beta,8,F1,0.0017102544661611319
1,Neutral,3,Beta,9,FZ,0.004499281756579876
1,Neutral,3,Beta,10,F2,0.00997119676321745
1,Neutral,3,Beta,11,F4,0.006074059754610062
1,Neutral,3,Beta,12,F6,0.0008615709375590086
1,Neutral,3,Beta,13,F8,0.002735821297392249
1,Neutral,3,Beta,14,FT7,0.0008311946294270456
1,Neutral,3,Beta,15,FC5,0.0023313695564866066
1,Neutral,3,Beta,16,FC3,0.004967565182596445
1,Neutral,3,Beta,17,FC1,0.0018464404856786132
1,Neutral,3,Beta,18,FCZ,0.009394208900630474
1,Neutral,3,Beta,19,FC2,0.0009659284842200577
1,Neutral,3,Beta,20,FC4,0.003560185432434082
1,Neutral,3,Beta,21,FC6,0.0019676261581480503
1,Neutral,3,Beta,22,FT8,0.004707216285169125
1,Neutral,3,Beta,23,T7,0.005624076817184687
1,Neutral,3,Beta,24,C5,0.0017529937904328108
1,Neutral,3,Beta,25,C3,0.006289046723395586
1,Neutral,3,Beta,26,C1,0.004927563946694136
1,Neutral,3,Beta,27,CZ,0.001337934867478907
1,Neutral,3,Beta,28,C2,0.002389291999861598
1,Neutral,3,Beta,29,C4,0.00284005980938673
1,Neutral,3,Beta,30,C6,0.0004286052717361599
1,Neutral,3,Beta,31,T8,0.004452375695109367
1,Neutral,3,Beta,32,TP7,0.0015437387628480792
1,Neutral,3,Beta,33,CP5,0.0011106644524261355
1,Neutral,3,Beta,34,CP3,0.00245476933196187
1,Neutral,3,Beta,35,CP1,0.0015892231604084373
1,Neutral,3,Beta,36,CPZ,0.0007106161210685968
1,Neutral,3,Beta,37,CP2,0.003979656845331192
1,Neutral,3,Beta,38,CP4,0.0015038404380902648
1,Neutral,3,Beta,39,CP6,0.006706152111291885
1,Neutral,3,Beta,40,TP8,0.011830509640276432
1,Neutral,3,Beta,41,P7,0.0037611322477459908
1,Neutral,3,Beta,42,P5,0.0012433654628694057
1,Neutral,3,Beta,43,P3,0.004965163767337799
1,Neutral,3,Beta,44,P1,0.009438477456569672
1,Neutral,3,Beta,45,PZ,0.004664281848818064
1,Neutral,3,Beta,46,P2,0.005999024026095867
1,Neutral,3,Beta,47,P4,0.005383044481277466
1,Neutral,3,Beta,48,P6,0.000690735352691263
1,Neutral,3,Beta,49,P8,0.0008583813905715942
1,Neutral,3,Beta,50,PO7,0.0028453897684812546
1,Neutral,3,Beta,51,PO5,0.0021506643388420343
1,Neutral,3,Beta,52,PO3,0.0031311875209212303
1,Neutral,3,Beta,53,POZ,0.0020551159977912903
1,Neutral,3,Beta,54,PO4,0.004223289899528027
1,Neutral,3,Beta,55,PO6,0.007604944985359907
1,Neutral,3,Beta,56,PO8,0.005701215472072363
1,Neutral,3,Beta,57,CB1,0.007710976991802454
1,Neutral,3,Beta,58,O1,0.007207021117210388
1,Neutral,3,Beta,59,OZ,0.003222166560590267
1,Neutral,3,Beta,60,O2,0.0035846338141709566
1,Neutral,3,Beta,61,CB2,0.0022792664822191
1,Neutral,4,Gamma,0,FP1,0.004105578642338514
1,Neutral,4,Gamma,1,FPZ,0.009145387448370457
1,Neutral,4,Gamma,2,FP2,0.003116465173661709
1,Neutral,4,Gamma,3,AF3,0.0044866460375487804
1,Neutral,4,Gamma,4,AF4,0.000794159306678921
1,Neutral,4,Gamma,5,F7,0.007647183258086443
1,Neutral,4,Gamma,6,F5,0.003119399771094322
1,Neutral,4,Gamma,7,F3,0.0022194567136466503
1,Neutral,4,Gamma,8,F1,0.0013243085704743862
1,Neutral,4,Gamma,9,FZ,0.0009750780300237238
1,Neutral,4,Gamma,10,F2,0.002756358589977026
1,Neutral,4,Gamma,11,F4,0.003052022773772478
1,Neutral,4,Gamma,12,F6,0.0009071683161891997
1,Neutral,4,Gamma,13,F8,0.000686119485180825
1,Neutral,4,Gamma,14,FT7,0.0015706075355410576
1,Neutral,4,Gamma,15,FC5,0.0020371610298752785
1,Neutral,4,Gamma,16,FC3,0.0008046203292906284
1,Neutral,4,Gamma,17,FC1,0.0011345006059855223
1,Neutral,4,Gamma,18,FCZ,0.0009496216662228107
1,Neutral,4,Gamma,19,FC2,0.0014589624479413033
1,Neutral,4,Gamma,20,FC4,0.002828455064445734
1,Neutral,4,Gamma,21,FC6,0.0013349682558327913
1,Neutral,4,Gamma,22,FT8,0.0011786539107561111
1,Neutral,4,Gamma,23,T7,0.002915332792326808
1,Neutral,4,Gamma,24,C5,0.0011905102292075753
1,Neutral,4,Gamma,25,C3,0.0007907765102572739
1,Neutral,4,Gamma,26,C1,0.0012352728517726064
1,Neutral,4,Gamma,27,CZ,0.002947102300822735
1,Neutral,4,Gamma,28,C2,0.0006405763560906053
1,Neutral,4,Gamma,29,C4,0.0006492733373306692
1,Neutral,4,Gamma,30,C6,0.0008894331404007971
1,Neutral,4,Gamma,31,T8,0.0031884557101875544
1,Neutral,4,Gamma,32,TP7,0.003499306971207261
1,Neutral,4,Gamma,33,CP5,0.002183964243158698
1,Neutral,4,Gamma,34,CP3,0.0006231730803847313
1,Neutral,4,Gamma,35,CP1,0.001983929891139269
1,Neutral,4,Gamma,36,CPZ,0.0006822478608228266
1,Neutral,4,Gamma,37,CP2,0.0015037724515423179
1,Neutral,4,Gamma,38,CP4,0.00345243071205914
1,Neutral,4,Gamma,39,CP6,0.004738572519272566
1,Neutral,4,Gamma,40,TP8,0.011705768294632435
1,Neutral,4,Gamma,41,P7,0.0023505387362092733
1,Neutral,4,Gamma,42,P5,0.003252331167459488
1,Neutral,4,Gamma,43,P3,0.000817438296508044
1,Neutral,4,Gamma,44,P1,0.016689609736204147
1,Neutral,4,Gamma,45,PZ,0.00274389935657382
1,Neutral,4,Gamma,46,P2,0.002083653351292014
1,Neutral,4,Gamma,47,P4,0.0012787390733137727
1,Neutral,4,Gamma,48,P6,0.0015067639760673046
1,Neutral,4,Gamma,49,P8,0.000963088939897716
1,Neutral,4,Gamma,50,PO7,0.00323879043571651
1,Neutral,4,Gamma,51,PO5,0.0019660978578031063
1,Neutral,4,Gamma,52,PO3,0.0022964186500757933
1,Neutral,4,Gamma,53,POZ,0.0009964932687580585
1,Neutral,4,Gamma,54,PO4,0.0015158962924033403
1,Neutral,4,Gamma,55,PO6,0.0035302042961120605
1,Neutral,4,Gamma,56,PO8,0.005570027977228165
1,Neutral,4,Gamma,57,CB1,0.005936803761869669
1,Neutral,4,Gamma,58,O1,0.00440170569345355
1,Neutral,4,Gamma,59,OZ,0.0020234587136656046
1,Neutral,4,Gamma,60,O2,0.0025225637946277857
1,Neutral,4,Gamma,61,CB2,0.001892192056402564
2,Positive,0,Delta,0,FP1,0.003729318967089057
2,Positive,0,Delta,1,FPZ,0.0023196223191916943
2,Positive,0,Delta,2,FP2,0.0026373418513685465
2,Positive,0,Delta,3,AF3,0.004113801289349794
2,Positive,0,Delta,4,AF4,0.0017905601998791099
2,Positive,0,Delta,5,F7,0.0007806667126715183
2,Positive,0,Delta,6,F5,0.0015776483342051506
2,Positive,0,Delta,7,F3,0.0009059185977093875
2,Positive,0,Delta,8,F1,0.002731242449954152
2,Positive,0,Delta,9,FZ,0.001963127637282014
2,Positive,0,Delta,10,F2,0.003716481849551201
2,Positive,0,Delta,11,F4,0.00116901530418545
2,Positive,0,Delta,12,F6,0.0010331927333027124
2,Positive,0,Delta,13,F8,0.00482495641335845
2,Positive,0,Delta,14,FT7,0.002730209846049547
2,Positive,0,Delta,15,FC5,0.001741903368383646
2,Positive,0,Delta,16,FC3,0.001422692439518869
2,Positive,0,Delta,17,FC1,0.003540271194651723
2,Positive,0,Delta,18,FCZ,0.002271725097671151
2,Positive,0,Delta,19,FC2,0.0014667296782135963
2,Positive,0,Delta,20,FC4,0.0023507815785706043
2,Positive,0,Delta,21,FC6,0.002817183267325163
2,Positive,0,Delta,22,FT8,0.0028542401269078255
2,Positive,0,Delta,23,T7,0.0022383255418390036
2,Positive,0,Delta,24,C5,0.0011624565813690424
2,Positive,0,Delta,25,C3,0.0006847479962743819
2,Positive,0,Delta,26,C1,0.0014276608126237988
2,Positive,0,Delta,27,CZ,0.0024793159682303667
2,Positive,0,Delta,28,C2,0.0038226463366299868
2,Positive,0,Delta,29,C4,0.0027993512339890003
2,Positive,0,Delta,30,C6,0.0021452882792800665
2,Positive,0,Delta,31,T8,0.0044248332269489765
2,Positive,0,Delta,32,TP7,0.0030125633347779512
2,Positive,0,Delta,33,CP5,0.0010135412449017167
2,Positive,0,Delta,34,CP3,0.0012443093582987785
2,Positive,0,Delta,35,CP1,0.0023661514278501272
2,Positive,0,Delta,36,CPZ,0.001928041223436594
2,Positive,0,Delta,37,CP2,0.0016567616257816553
2,Positive,0,Delta,38,CP4,0.0027172272093594074
2,Positive,0,Delta,39,CP6,0.002292159479111433
2,Positive,0,Delta,40,TP8,0.0042219809256494045
2,Positive,0,Delta,41,P7,0.0024930667132139206
2,Positive,0,Delta,42,P5,0.001519925193861127
2,Positive,0,Delta,43,P3,0.0018230199348181486
2,Positive,0,Delta,44,P1,0.003819642821326852
2,Positive,0,Delta,45,PZ,0.0019274179358035326
2,Positive,0,Delta,46,P2,0.005237082950770855
2,Positive,0,Delta,47,P4,0.0042561860755085945
2,Positive,0,Delta,48,P6,0.002897677943110466
2,Positive,0,Delta,49,P8,0.001237107440829277
2,Positive,0,Delta,50,PO7,0.0005581184523180127
2,Positive,0,Delta,51,PO5,0.0013377332361415029
2,Positive,0,Delta,52,PO3,0.001184439635835588
2,Positive,0,Delta,53,POZ,0.0019454724388197064
2,Positive,0,Delta,54,PO4,0.002641344675794244
2,Positive,0,Delta,55,PO6,0.001277115778066218
2,Positive,0,Delta,56,PO8,0.0011301685590296984
2,Positive,0,Delta,57,CB1,0.0021525004412978888
2,Positive,0,Delta,58,O1,0.0010236883535981178
2,Positive,0,Delta,59,OZ,0.003687277901917696
2,Positive,0,Delta,60,O2,0.0017944187857210636
2,Positive,0,Delta,61,CB2,0.0015821546548977494
2,Positive,1,Theta,0,FP1,0.0018223627703264356
2,Positive,1,Theta,1,FPZ,0.0018092795507982373
2,Positive,1,Theta,2,FP2,0.0017121558776125312
2,Positive,1,Theta,3,AF3,0.0028599745128303766
2,Positive,1,Theta,4,AF4,0.001387521275319159
2,Positive,1,Theta,5,F7,0.0039847493171691895
2,Positive,1,Theta,6,F5,0.002966466126963496
2,Positive,1,Theta,7,F3,0.0016878338064998388
2,Positive,1,Theta,8,F1,0.0019827685318887234
2,Positive,1,Theta,9,FZ,0.0022128098644316196
2,Positive,1,Theta,10,F2,0.0014050740282982588
2,Positive,1,Theta,11,F4,0.003965546377003193
2,Positive,1,Theta,12,F6,0.0015529205556958914
2,Positive,1,Theta,13,F8,0.002628438174724579
2,Positive,1,Theta,14,FT7,0.004013111349195242
2,Positive,1,Theta,15,FC5,0.0026217775885015726
2,Positive,1,Theta,16,FC3,0.0029007145203649998
2,Positive,1,Theta,17,FC1,0.0019184364937245846
2,Positive,1,Theta,18,FCZ,0.003929507918655872
2,Positive,1,Theta,19,FC2,0.0012917774729430676
2,Positive,1,Theta,20,FC4,0.0013514143647626042
2,Positive,1,Theta,21,FC6,0.002912767929956317
2,Positive,1,Theta,22,FT8,0.0035547977313399315
2,Positive,1,Theta,23,T7,0.005495223682373762
2,Positive,1,Theta,24,C5,0.0063537233509123325
2,Positive,1,Theta,25,C3,0.003483768319711089
2,Positive,1,Theta,26,C1,0.002425087383016944
2,Positive,1,Theta,27,CZ,0.0019222594564780593
2,Positive,1,Theta,28,C2,0.0011422327952459455
2,Positive,1,Theta,29,C4,0.0014999620616436005
2,Positive,1,Theta,30,C6,0.004825333599001169
2,Positive,1,Theta,31,T8,0.0028999389614909887
2,Positive,1,Theta,32,TP7,0.001656212261877954
2,Positive,1,Theta,33,CP5,0.0017800224013626575
2,Positive,1,Theta,34,CP3,0.0034388327039778233
2,Positive,1,Theta,35,CP1,0.0037137456238269806
2,Positive,1,Theta,36,CPZ,0.0014608681667596102
2,Positive,1,Theta,37,CP2,0.003361246781423688
2,Positive,1,Theta,38,CP4,0.003626785706728697
2,Positive,1,Theta,39,CP6,0.0012680513318628073
2,Positive,1,Theta,40,TP8,0.003796590492129326
2,Positive,1,Theta,41,P7,0.003333983477205038
2,Positive,1,Theta,42,P5,0.0018238996854051948
2,Positive,1,Theta,43,P3,0.003465998452156782
2,Positive,1,Theta,44,P1,0.0026515882927924395
2,Positive,1,Theta,45,PZ,0.00312046124599874
2,Positive,1,Theta,46,P2,0.002181710908189416
2,Positive,1,Theta,47,P4,0.0034607367124408484
2,Positive,1,Theta,48,P6,0.0010330595541745424
2,Positive,1,Theta,49,P8,0.0012143361382186413
2,Positive,1,Theta,50,PO7,0.0015245412942022085
2,Positive,1,Theta,51,PO5,0.0016597604844719172
2,Positive,1,Theta,52,PO3,0.002141555305570364
2,Positive,1,Theta,53,POZ,0.002886126982048154
2,Positive,1,Theta,54,PO4,0.004137756768614054
2,Positive,1,Theta,55,PO6,0.0006329556345008314
2,Positive,1,Theta,56,PO8,0.0021093254908919334
2,Positive,1,Theta,57,CB1,0.0024268541019409895
2,Positive,1,Theta,58,O1,0.002366099040955305
2,Positive,1,Theta,59,OZ,0.0012476547854021192
2,Positive,1,Theta,60,O2,0.0011708787642419338
2,Positive,1,Theta,61,CB2,0.0016638673841953278
2,Positive,2,Alpha,0,FP1,0.0019173180917277932
2,Positive,2,Alpha,1,FPZ,0.0019263739231973886
2,Positive,2,Alpha,2,FP2,0.0015819139080122113
2,Positive,2,Alpha,3,AF3,0.001558530842885375
2,Positive,2,Alpha,4,AF4,0.0007706496398895979
2,Positive,2,Alpha,5,F7,0.00272543728351593
2,Positive,2,Alpha,6,F5,0.0026797086466103792
2,Positive,2,Alpha,7,F3,0.0021912474185228348
2,Positive,2,Alpha,8,F1,0.0036653114948421717
2,Positive,2,Alpha,9,FZ,0.0018821574049070477
2,Positive,2,Alpha,10,F2,0.0024111331440508366
2,Positive,2,Alpha,11,F4,0.0012576892040669918
2,Positive,2,Alpha,12,F6,0.0033910656347870827
2,Positive,2,Alpha,13,F8,0.0023466607090085745
2,Positive,2,Alpha,14,FT7,0.0029710971284657717
2,Positive,2,Alpha,15,FC5,0.002092125592753291
2,Positive,2,Alpha,16,FC3,0.002744160359725356
2,Positive,2,Alpha,17,FC1,0.0015275044133886695
2,Positive,2,Alpha,18,FCZ,0.0010595942148938775
2,Positive,2,Alpha,19,FC2,0.0024060688447207212
2,Positive,2,Alpha,20,FC4,0.001387112308293581
2,Positive,2,Alpha,21,FC6,0.002472880994901061
2,Positive,2,Alpha,22,FT8,0.0027910126373171806
2,Positive,2,Alpha,23,T7,0.003544691251590848
2,Positive,2,Alpha,24,C5,0.0051914406940341
2,Positive,2,Alpha,25,C3,0.0033579892478883266
2,Positive,2,Alpha,26,C1,0.0024320969823747873
2,Positive,2,Alpha,27,CZ,0.0012591819977387786
2,Positive,2,Alpha,28,C2,0.0010530938161537051
2,Positive,2,Alpha,29,C4,0.001204994972795248
2,Positive,2,Alpha,30,C6,0.002924444619566202
2,Positive,2,Alpha,31,T8,0.0034504937939345837
2,Positive,2,Alpha,32,TP7,0.004013823810964823
2,Positive,2,Alpha,33,CP5,0.0034946862142533064
2,Positive,2,Alpha,34,CP3,0.001194225624203682
2,Positive,2,Alpha,35,CP1,0.0009433156228624284
2,Positive,2,Alpha,36,CPZ,0.0017295804573222995
2,Positive,2,Alpha,37,CP2,0.0038556091021746397
2,Positive,2,Alpha,38,CP4,0.0008335404563695192
2,Positive,2,Alpha,39,CP6,0.0024352308828383684
2,Positive,2,Alpha,40,TP8,0.003440649714320898
2,Positive,2,Alpha,41,P7,0.002495491411536932
2,Positive,2,Alpha,42,P5,0.0021212596911937
2,Positive,2,Alpha,43,P3,0.001631125109270215
2,Positive,2,Alpha,44,P1,0.005948428995907307
2,Positive,2,Alpha,45,PZ,0.002166092861443758
2,Positive,2,Alpha,46,P2,0.0009566018125042319
2,Positive,2,Alpha,47,P4,0.002694208174943924
2,Positive,2,Alpha,48,P6,0.0024052271619439125
2,Positive,2,Alpha,49,P8,0.003003110643476248
2,Positive,2,Alpha,50,PO7,0.0008814009488560259
2,Positive,2,Alpha,51,PO5,0.0016061750939115882
2,Positive,2,Alpha,52,PO3,0.004424206912517548
2,Positive,2,Alpha,53,POZ,0.0009746646974235773
2,Positive,2,Alpha,54,PO4,0.0011420859955251217
2,Positive,2,Alpha,55,PO6,0.0017448202706873417
2,Positive,2,Alpha,56,PO8,0.0021484491880983114
2,Positive,2,Alpha,57,CB1,0.002467153128236532
2,Positive,2,Alpha,58,O1,0.0023655525874346495
2,Positive,2,Alpha,59,OZ,0.0024856715463101864
2,Positive,2,Alpha,60,O2,0.0024489499628543854
2,Positive,2,Alpha,61,CB2,0.00127993687056005
2,Positive,3,Beta,0,FP1,0.013075289316475391
2,Positive,3,Beta,1,FPZ,0.011866928078234196
2,Positive,3,Beta,2,FP2,0.004765922203660011
2,Positive,3,Beta,3,AF3,0.008972483687102795
2,Positive,3,Beta,4,AF4,0.001592355198226869
2,Positive,3,Beta,5,F7,0.003700157394632697
2,Positive,3,Beta,6,F5,0.004615096375346184
2,Positive,3,Beta,7,F3,0.007245916873216629
2,Positive,3,Beta,8,F1,0.0021367541048675776
2,Positive,3,Beta,9,FZ,0.0021180317271500826
2,Positive,3,Beta,10,F2,0.006400200538337231
2,Positive,3,Beta,11,F4,0.005006182938814163
2,Positive,3,Beta,12,F6,0.005829267203807831
2,Positive,3,Beta,13,F8,0.0035136465448886156
2,Positive,3,Beta,14,FT7,0.0041146003641188145
2,Positive,3,Beta,15,FC5,0.007844281382858753
2,Positive,3,Beta,16,FC3,0.008905565366148949
2,Positive,3,Beta,17,FC1,0.0015474213287234306
2,Positive,3,Beta,18,FCZ,0.003595540067180991
2,Positive,3,Beta,19,FC2,0.0016165314009413123
2,Positive,3,Beta,20,FC4,0.00395051296800375
2,Positive,3,Beta,21,FC6,0.0058372654020786285
2,Positive,3,Beta,22,FT8,0.009889749810099602
2,Positive,3,Beta,23,T7,0.024377120658755302
2,Positive,3,Beta,24,C5,0.009318370372056961
2,Positive,3,Beta,25,C3,0.004759954288601875
2,Positive,3,Beta,26,C1,0.003050863277167082
2,Positive,3,Beta,27,CZ,0.0021692232694476843
2,Positive,3,Beta,28,C2,0.0025903312489390373
2,Positive,3,Beta,29,C4,0.002370297210291028
2,Positive,3,Beta,30,C6,0.0017912554321810603
2,Positive,3,Beta,31,T8,0.02201387658715248
2,Positive,3,Beta,32,TP7,0.002951785922050476
2,Positive,3,Beta,33,CP5,0.002378879114985466
2,Positive,3,Beta,34,CP3,0.0027289455756545067
2,Positive,3,Beta,35,CP1,0.0022770154755562544
2,Positive,3,Beta,36,CPZ,0.0008851176244206727
2,Positive,3,Beta,37,CP2,0.002264132257550955
2,Positive,3,Beta,38,CP4,0.003691242542117834
2,Positive,3,Beta,39,CP6,0.006820304319262505
2,Positive,3,Beta,40,TP8,0.00535274064168334
2,Positive,3,Beta,41,P7,0.004050089046359062
2,Positive,3,Beta,42,P5,0.002399217104539275
2,Positive,3,Beta,43,P3,0.004041241481900215
2,Positive,3,Beta,44,P1,0.0029202355071902275
2,Positive,3,Beta,45,PZ,0.0031864584889262915
2,Positive,3,Beta,46,P2,0.003541022539138794
2,Positive,3,Beta,47,P4,0.006433566100895405
2,Positive,3,Beta,48,P6,0.0015104878693819046
2,Positive,3,Beta,49,P8,0.004028958268463612
2,Positive,3,Beta,50,PO7,0.004801944363862276
2,Positive,3,Beta,51,PO5,0.005558129865676165
2,Positive,3,Beta,52,PO3,0.010362929664552212
2,Positive,3,Beta,53,POZ,0.006062456872314215
2,Positive,3,Beta,54,PO4,0.00575487595051527
2,Positive,3,Beta,55,PO6,0.0030735826585441828
2,Positive,3,Beta,56,PO8,0.003907043486833572
2,Positive,3,Beta,57,CB1,0.009608970955014229
2,Positive,3,Beta,58,O1,0.005447698757052422
2,Positive,3,Beta,59,OZ,0.0028330651111900806
2,Positive,3,Beta,60,O2,0.00967175979167223
2,Positive,3,Beta,61,CB2,0.004637189209461212
2,Positive,4,Gamma,0,FP1,0.010570908896625042
2,Positive,4,Gamma,1,FPZ,0.008449455723166466
2,Positive,4,Gamma,2,FP2,0.006557662505656481
2,Positive,4,Gamma,3,AF3,0.0027037295512855053
2,Positive,4,Gamma,4,AF4,0.0011498352978378534
2,Positive,4,Gamma,5,F7,0.005459976848214865
2,Positive,4,Gamma,6,F5,0.00409653689712286
2,Positive,4,Gamma,7,F3,0.0013589865993708372
2,Positive,4,Gamma,8,F1,0.002097746590152383
2,Positive,4,Gamma,9,FZ,0.001349113998003304
2,Positive,4,Gamma,10,F2,0.005308544263243675
2,Positive,4,Gamma,11,F4,0.0028692204505205154
2,Positive,4,Gamma,12,F6,0.002306473208591342
2,Positive,4,Gamma,13,F8,0.002000071806833148
2,Positive,4,Gamma,14,FT7,0.0032352677080780268
2,Positive,4,Gamma,15,FC5,0.0024707524571567774
2,Positive,4,Gamma,16,FC3,0.003951034042984247
2,Positive,4,Gamma,17,FC1,0.0013528140261769295
2,Positive,4,Gamma,18,FCZ,0.0006735050701536238
2,Positive,4,Gamma,19,FC2,0.001359838992357254
2,Positive,4,Gamma,20,FC4,0.006986944004893303
2,Positive,4,Gamma,21,FC6,0.0056512425653636456
2,Positive,4,Gamma,22,FT8,0.006565446965396404
2,Positive,4,Gamma,23,T7,0.013671073131263256
2,Positive,4,Gamma,24,C5,0.005421735346317291
2,Positive,4,Gamma,25,C3,0.001648235833272338
2,Positive,4,Gamma,26,C1,0.001236896961927414
2,Positive,4,Gamma,27,CZ,0.0018026195466518402
2,Positive,4,Gamma,28,C2,0.0012017391854897141
2,Positive,4,Gamma,29,C4,0.001155781326815486
2,Positive,4,Gamma,30,C6,0.00288280937820673
2,Positive,4,Gamma,31,T8,0.014771734364330769
2,Positive,4,Gamma,32,TP7,0.004219342023134232
2,Positive,4,Gamma,33,CP5,0.0030604382045567036
2,Positive,4,Gamma,34,CP3,0.0014066440053284168
2,Positive,4,Gamma,35,CP1,0.0010176849318668246
2,Positive,4,Gamma,36,CPZ,0.0006881892331875861
2,Positive,4,Gamma,37,CP2,0.0027632741257548332
2,Positive,4,Gamma,38,CP4,0.0046114991419017315
2,Positive,4,Gamma,39,CP6,0.0045255329459905624
2,Positive,4,Gamma,40,TP8,0.005274149123579264
2,Positive,4,Gamma,41,P7,0.0025328691117465496
2,Positive,4,Gamma,42,P5,0.003151636803522706
2,Positive,4,Gamma,43,P3,0.0021633354481309652
2,Positive,4,Gamma,44,P1,0.006584099493920803
2,Positive,4,Gamma,45,PZ,0.0016443581553176045
2,Positive,4,Gamma,46,P2,0.0020328431855887175
2,Positive,4,Gamma,47,P4,0.001549431006424129
2,Positive,4,Gamma,48,P6,0.0020103149581700563
2,Positive,4,Gamma,49,P8,0.0020545939914882183
2,Positive,4,Gamma,50,PO7,0.00207209843210876
2,Positive,4,Gamma,51,PO5,0.0016668114112690091
2,Positive,4,Gamma,52,PO3,0.002731416141614318
2,Positive,4,Gamma,53,POZ,0.0015848318580538034
2,Positive,4,Gamma,54,PO4,0.004624198656529188
2,Positive,4,Gamma,55,PO6,0.004456351511180401
2,Positive,4,Gamma,56,PO8,0.007348134648054838
2,Positive,4,Gamma,57,CB1,0.004090155940502882
2,Positive,4,Gamma,58,O1,0.00338406371884048
2,Positive,4,Gamma,59,OZ,0.0020228109788149595
2,Positive,4,Gamma,60,O2,0.0026070585008710623
2,Positive,4,Gamma,61,CB2,0.004008766729384661
