dataset,dataset_label,stage,point_index,test_sample_index,tsne_x,tsne_y,class_id,class_name,prediction,correct,test_subject_1_based
seed,SEED,raw,0,11,3.6093332767486572,-7.0515618324279785,2,Positive,2,1,15
seed,SEED,raw,1,18,3.599217176437378,-7.037408828735352,2,Positive,2,1,15
seed,SEED,raw,2,22,3.6018776893615723,-7.010541915893555,2,Positive,2,1,15
seed,SEED,raw,3,146,4.824280738830566,-6.687214374542236,2,Positive,2,1,15
seed,SEED,raw,4,148,4.829702377319336,-6.693501949310303,2,Positive,2,1,15
seed,SEED,raw,5,161,4.8446364402771,-6.775763034820557,2,Positive,2,1,15
seed,SEED,raw,6,217,4.480391979217529,-8.363245964050293,2,Positive,2,1,15
seed,SEED,raw,7,234,4.466599464416504,-8.400120735168457,2,Positive,2,1,15
seed,SEED,raw,8,243,9.770102500915527,5.094046115875244,1,Neutral,1,1,15
seed,SEED,raw,9,248,10.004975318908691,5.068583011627197,1,Neutral,1,1,15
seed,SEED,raw,10,251,10.121849060058594,5.012539386749268,1,Neutral,1,1,15
seed,SEED,raw,11,260,9.742233276367188,4.763223171234131,1,Neutral,1,1,15
seed,SEED,raw,12,281,9.838116645812988,4.064047813415527,1,Neutral,1,1,15
seed,SEED,raw,13,287,10.433470726013184,3.9291815757751465,1,Neutral,1,1,15
seed,SEED,raw,14,289,10.41541862487793,3.821038246154785,1,Neutral,1,1,15
seed,SEED,raw,15,292,10.253183364868164,3.741180896759033,1,Neutral,1,1,15
seed,SEED,raw,16,294,9.886940002441406,3.7893412113189697,1,Neutral,1,1,15
seed,SEED,raw,17,350,10.115466117858887,2.827866792678833,1,Neutral,1,1,15
seed,SEED,raw,18,372,9.772088050842285,2.7556495666503906,1,Neutral,1,1,15
seed,SEED,raw,19,415,8.923675537109375,2.9037272930145264,1,Neutral,1,1,15
seed,SEED,raw,20,426,8.820262908935547,2.795423746109009,1,Neutral,1,1,15
seed,SEED,raw,21,451,8.598447799682617,2.527756929397583,1,Neutral,1,1,15
seed,SEED,raw,22,473,7.097687244415283,-1.1799657344818115,0,Negative,0,1,15
seed,SEED,raw,23,541,7.016846656799316,-1.8966132402420044,0,Negative,0,1,15
seed,SEED,raw,24,552,6.783575057983398,-2.1060731410980225,0,Negative,0,1,15
seed,SEED,raw,25,553,6.764825820922852,-2.095177412033081,0,Negative,0,1,15
seed,SEED,raw,26,567,6.615789890289307,-1.6079257726669312,0,Negative,0,1,15
seed,SEED,raw,27,583,6.3657331466674805,-1.4442837238311768,0,Negative,0,1,15
seed,SEED,raw,28,611,5.998759746551514,-1.519601821899414,0,Negative,0,1,15
seed,SEED,raw,29,621,5.883132457733154,-1.727856159210205,0,Negative,0,1,15
seed,SEED,raw,30,648,5.482840061187744,-2.13425612449646,0,Negative,0,1,15
seed,SEED,raw,31,652,5.4458537101745605,-2.2479209899902344,0,Negative,0,1,15
seed,SEED,raw,32,664,5.328181743621826,-2.38270902633667,0,Negative,0,1,15
seed,SEED,raw,33,691,4.705613613128662,0.7008510828018188,0,Negative,0,1,15
seed,SEED,raw,34,697,4.617282867431641,0.6541482210159302,0,Negative,0,1,15
seed,SEED,raw,35,698,4.597116947174072,0.6460905075073242,0,Negative,0,1,15
seed,SEED,raw,36,706,4.376510143280029,0.6028544902801514,0,Negative,0,1,15
seed,SEED,raw,37,726,3.963395833969116,0.1265251636505127,0,Negative,0,1,15
seed,SEED,raw,38,755,3.677741765975952,-0.5322608351707458,0,Negative,0,1,15
seed,SEED,raw,39,778,3.2168033123016357,-0.518839418888092,0,Negative,0,1,15
seed,SEED,raw,40,800,2.8992838859558105,-0.38488972187042236,0,Negative,0,1,15
seed,SEED,raw,41,809,2.9831745624542236,-0.2399018257856369,0,Negative,0,1,15
seed,SEED,raw,42,829,3.0000431537628174,0.21395224332809448,0,Negative,0,1,15
seed,SEED,raw,43,850,2.6089229583740234,0.43879958987236023,0,Negative,0,1,15
seed,SEED,raw,44,859,2.485548734664917,0.4497055411338806,0,Negative,0,1,15
seed,SEED,raw,45,943,-2.3078877925872803,5.455834865570068,1,Neutral,1,1,15
seed,SEED,raw,46,946,-2.3140058517456055,5.453160762786865,1,Neutral,1,1,15
seed,SEED,raw,47,972,-2.340776205062866,5.351044178009033,1,Neutral,1,1,15
seed,SEED,raw,48,1033,0.26169392466545105,3.297086477279663,1,Neutral,1,1,15
seed,SEED,raw,49,1035,0.2915792167186737,3.2994117736816406,1,Neutral,1,1,15
seed,SEED,raw,50,1041,0.38252538442611694,3.324676752090454,1,Neutral,1,1,15
seed,SEED,raw,51,1051,0.45685192942619324,3.3794007301330566,1,Neutral,1,1,15
seed,SEED,raw,52,1103,1.6474710702896118,-10.592874526977539,2,Positive,2,1,15
seed,SEED,raw,53,1117,1.6772891283035278,-10.710073471069336,2,Positive,2,1,15
seed,SEED,raw,54,1137,1.6841180324554443,-11.106087684631348,2,Positive,2,1,15
seed,SEED,raw,55,1143,1.7447646856307983,-11.229414939880371,2,Positive,2,1,15
seed,SEED,raw,56,1161,2.0331082344055176,-11.34036636352539,2,Positive,2,1,15
seed,SEED,raw,57,1183,2.1715221405029297,-11.504051208496094,2,Positive,2,1,15
seed,SEED,raw,58,1273,3.5214333534240723,-12.088449478149414,2,Positive,2,1,15
seed,SEED,raw,59,1287,3.533538341522217,-12.04362678527832,2,Positive,2,1,15
seed,SEED,raw,60,1341,4.194046974182129,2.461421489715576,0,Negative,0,1,15
seed,SEED,raw,61,1348,4.125685691833496,2.4705891609191895,0,Negative,0,1,15
seed,SEED,raw,62,1360,3.9723358154296875,2.4814159870147705,0,Negative,0,1,15
seed,SEED,raw,63,1382,3.586764097213745,2.344661235809326,0,Negative,0,1,15
seed,SEED,raw,64,1418,3.342677116394043,2.410215139389038,0,Negative,0,1,15
seed,SEED,raw,65,1469,4.191566467285156,3.3942625522613525,0,Negative,0,1,15
seed,SEED,raw,66,1490,4.526786804199219,3.7927658557891846,0,Negative,0,1,15
seed,SEED,raw,67,1509,4.766429901123047,3.9895846843719482,0,Negative,0,1,15
seed,SEED,raw,68,1522,4.838028907775879,3.997634172439575,0,Negative,0,1,15
seed,SEED,raw,69,1547,-3.1927378177642822,3.9789464473724365,1,Neutral,1,1,15
seed,SEED,raw,70,1559,-3.0383918285369873,3.905294418334961,1,Neutral,1,1,15
seed,SEED,raw,71,1564,-2.926826000213623,3.8859026432037354,1,Neutral,1,1,15
seed,SEED,raw,72,1566,-2.8961493968963623,3.8828368186950684,1,Neutral,1,1,15
seed,SEED,raw,73,1643,-2.699760675430298,3.140948534011841,1,Neutral,1,1,15
seed,SEED,raw,74,1654,-2.67055082321167,2.787053108215332,1,Neutral,1,1,15
seed,SEED,raw,75,1676,-2.7938616275787354,1.6714824438095093,1,Neutral,1,1,15
seed,SEED,raw,76,1684,-2.8851511478424072,1.410123586654663,1,Neutral,1,1,15
seed,SEED,raw,77,1703,-2.835453748703003,0.9127501249313354,1,Neutral,1,1,15
seed,SEED,raw,78,1707,-3.1951987743377686,0.9285998940467834,1,Neutral,1,1,15
seed,SEED,raw,79,1714,-2.9804513454437256,0.7097302675247192,1,Neutral,1,1,15
seed,SEED,raw,80,1719,-3.224750518798828,0.7090682983398438,1,Neutral,1,1,15
seed,SEED,raw,81,1741,-3.102046012878418,0.37041327357292175,1,Neutral,1,1,15
seed,SEED,raw,82,1745,1.0966339111328125,-13.253955841064453,2,Positive,2,1,15
seed,SEED,raw,83,1752,1.1853243112564087,-13.156184196472168,2,Positive,2,1,15
seed,SEED,raw,84,1754,1.2028295993804932,-13.144980430603027,2,Positive,2,1,15
seed,SEED,raw,85,1797,1.8139435052871704,-13.984895706176758,2,Positive,2,1,15
seed,SEED,raw,86,1809,1.8024916648864746,-14.258523941040039,2,Positive,2,1,15
seed,SEED,raw,87,1820,1.8276840448379517,-14.616365432739258,2,Positive,2,1,15
seed,SEED,raw,88,1858,1.2110471725463867,-14.723634719848633,2,Positive,2,1,15
seed,SEED,raw,89,1869,0.7208628058433533,-14.34844970703125,2,Positive,2,1,15
seed,SEED,raw,90,1870,0.6675931811332703,-14.329828262329102,2,Positive,2,1,15
seed,SEED,raw,91,1888,0.4082746207714081,-14.793149948120117,2,Positive,2,1,15
seed,SEED,raw,92,1898,0.6064785122871399,-15.304381370544434,2,Positive,2,1,15
seed,SEED,raw,93,1906,0.5235756039619446,-15.6156644821167,2,Positive,2,1,15
seed,SEED,raw,94,1916,0.04019085317850113,-15.695442199707031,2,Positive,2,1,15
seed,SEED,raw,95,1923,-0.24353250861167908,-15.566920280456543,2,Positive,2,1,15
seed,SEED,raw,96,1942,-0.44828730821609497,-15.06733512878418,2,Positive,2,1,15
seed,SEED,raw,97,2002,-0.717029333114624,-14.02950382232666,2,Positive,2,1,15
seed,SEED,raw,98,2009,-0.7293515801429749,-14.033329963684082,2,Positive,2,1,15
seed,SEED,raw,99,2010,-0.2319406121969223,-12.337592124938965,2,Positive,2,1,15
seed,SEED,raw,100,2023,-0.15252171456813812,-12.436226844787598,2,Positive,2,1,15
seed,SEED,raw,101,2047,-0.20409351587295532,-11.975974082946777,2,Positive,2,1,15
seed,SEED,raw,102,2054,-0.36334583163261414,-11.712252616882324,2,Positive,2,1,15
seed,SEED,raw,103,2060,-0.5319470167160034,-11.46692943572998,2,Positive,2,1,15
seed,SEED,raw,104,2076,-0.8437398672103882,-11.411084175109863,2,Positive,2,1,15
seed,SEED,raw,105,2134,-1.2869839668273926,-11.810473442077637,2,Positive,2,1,15
seed,SEED,raw,106,2190,-1.2649257183074951,-13.013702392578125,2,Positive,2,1,15
seed,SEED,raw,107,2213,-1.4285557270050049,-13.17525577545166,2,Positive,2,1,15
seed,SEED,raw,108,2264,2.328373908996582,7.887687683105469,1,Neutral,1,1,15
seed,SEED,raw,109,2265,2.325364589691162,7.891419887542725,1,Neutral,1,1,15
seed,SEED,raw,110,2273,2.2998201847076416,7.906644344329834,1,Neutral,1,1,15
seed,SEED,raw,111,2335,1.9364062547683716,7.42963171005249,1,Neutral,0,0,15
seed,SEED,raw,112,2340,1.9370347261428833,7.390372276306152,1,Neutral,0,0,15
seed,SEED,raw,113,2348,1.916919469833374,7.324174880981445,1,Neutral,0,0,15
seed,SEED,raw,114,2509,3.704209566116333,5.785372257232666,0,Negative,0,1,15
seed,SEED,raw,115,2525,3.777647018432617,5.770791053771973,0,Negative,0,1,15
seed,SEED,raw,116,2556,3.9295055866241455,5.762941360473633,0,Negative,0,1,15
seed,SEED,raw,117,2606,4.392744541168213,5.862966060638428,0,Negative,0,1,15
seed,SEED,raw,118,2654,4.705452919006348,6.982675552368164,0,Negative,0,1,15
seed,SEED,raw,119,2662,4.73878288269043,7.10349178314209,0,Negative,0,1,15
seed,SEED,raw,120,2675,4.741866588592529,7.269347190856934,0,Negative,0,1,15
seed,SEED,raw,121,2685,4.692285060882568,7.336459636688232,0,Negative,0,1,15
seed,SEED,raw,122,2825,-5.819370746612549,-0.5281000137329102,1,Neutral,1,1,15
seed,SEED,raw,123,2868,-5.739165782928467,-0.9116127490997314,1,Neutral,1,1,15
seed,SEED,raw,124,2871,-5.672725200653076,-1.0123242139816284,1,Neutral,1,1,15
seed,SEED,raw,125,2897,-5.683894157409668,-1.5957999229431152,1,Neutral,1,1,15
seed,SEED,raw,126,2912,-6.328989505767822,-1.5810792446136475,1,Neutral,1,1,15
seed,SEED,raw,127,2914,-5.975854873657227,-1.9953813552856445,1,Neutral,1,1,15
seed,SEED,raw,128,2916,-6.030392646789551,-2.0266854763031006,1,Neutral,1,1,15
seed,SEED,raw,129,2921,-6.560271263122559,-1.5981308221817017,1,Neutral,1,1,15
seed,SEED,raw,130,2933,-6.677191257476807,-1.9186899662017822,1,Neutral,1,1,15
seed,SEED,raw,131,2946,-6.603351593017578,-2.2004590034484863,1,Neutral,1,1,15
seed,SEED,raw,132,2952,-2.885329484939575,-8.312835693359375,2,Positive,2,1,15
seed,SEED,raw,133,2982,-2.8386144638061523,-7.98892068862915,2,Positive,2,1,15
seed,SEED,raw,134,2990,-2.8507182598114014,-7.728301048278809,2,Positive,2,1,15
seed,SEED,raw,135,2992,-2.856428861618042,-7.652530193328857,2,Positive,2,1,15
seed,SEED,raw,136,3033,-2.629481792449951,-6.716454982757568,2,Positive,2,1,15
seed,SEED,raw,137,3061,-2.5038676261901855,-6.727136135101318,2,Positive,2,1,15
seed,SEED,raw,138,3066,-2.5026657581329346,-6.769134521484375,2,Positive,2,1,15
seed,SEED,raw,139,3145,-2.0273895263671875,-7.504142761230469,2,Positive,2,1,15
seed,SEED,raw,140,3195,-3.976374864578247,-4.397315979003906,0,Negative,0,1,15
seed,SEED,raw,141,3202,-3.9802591800689697,-4.416022777557373,0,Negative,0,1,15
seed,SEED,raw,142,3213,-4.004989147186279,-4.539844989776611,0,Negative,0,1,15
seed,SEED,raw,143,3252,-4.32126522064209,-5.096256732940674,0,Negative,0,1,15
seed,SEED,raw,144,3261,-4.458384037017822,-5.091195106506348,0,Negative,0,1,15
seed,SEED,raw,145,3267,-4.576508045196533,-5.051883220672607,0,Negative,0,1,15
seed,SEED,raw,146,3349,-5.317721366882324,-5.592597961425781,0,Negative,0,1,15
seed,SEED,raw,147,3351,-5.330178260803223,-5.613553524017334,0,Negative,0,1,15
seed,SEED,raw,148,3353,-5.3441877365112305,-5.640890598297119,0,Negative,0,1,15
seed,SEED,raw,149,3391,-5.61323356628418,-5.943686485290527,0,Negative,0,1,15
seed,SEED,dms_sgpan,0,11,-13.679563522338867,-15.178848266601562,2,Positive,2,1,15
seed,SEED,dms_sgpan,1,18,-13.557389259338379,-15.131255149841309,2,Positive,2,1,15
seed,SEED,dms_sgpan,2,22,-14.03854751586914,-15.00703239440918,2,Positive,2,1,15
seed,SEED,dms_sgpan,3,146,-11.107851028442383,-15.886916160583496,2,Positive,2,1,15
seed,SEED,dms_sgpan,4,148,-10.991684913635254,-16.012271881103516,2,Positive,2,1,15
seed,SEED,dms_sgpan,5,161,-10.717730522155762,-16.6257381439209,2,Positive,2,1,15
seed,SEED,dms_sgpan,6,217,-10.593725204467773,-17.517414093017578,2,Positive,2,1,15
seed,SEED,dms_sgpan,7,234,-10.577821731567383,-17.519899368286133,2,Positive,2,1,15
seed,SEED,dms_sgpan,8,243,8.94460678100586,4.990688323974609,1,Neutral,1,1,15
seed,SEED,dms_sgpan,9,248,9.168938636779785,4.76104211807251,1,Neutral,1,1,15
seed,SEED,dms_sgpan,10,251,9.234135627746582,4.743803024291992,1,Neutral,1,1,15
seed,SEED,dms_sgpan,11,260,10.262519836425781,3.2635316848754883,1,Neutral,1,1,15
seed,SEED,dms_sgpan,12,281,10.5137939453125,2.9615278244018555,1,Neutral,1,1,15
seed,SEED,dms_sgpan,13,287,10.460922241210938,2.6855714321136475,1,Neutral,1,1,15
seed,SEED,dms_sgpan,14,289,10.462174415588379,2.6517584323883057,1,Neutral,1,1,15
seed,SEED,dms_sgpan,15,292,10.802099227905273,2.901383399963379,1,Neutral,1,1,15
seed,SEED,dms_sgpan,16,294,10.842740058898926,2.888408660888672,1,Neutral,1,1,15
seed,SEED,dms_sgpan,17,350,11.419402122497559,1.5477778911590576,1,Neutral,1,1,15
seed,SEED,dms_sgpan,18,372,11.14526653289795,1.7936166524887085,1,Neutral,1,1,15
seed,SEED,dms_sgpan,19,415,11.559067726135254,1.7824416160583496,1,Neutral,1,1,15
seed,SEED,dms_sgpan,20,426,11.157435417175293,1.8411445617675781,1,Neutral,1,1,15
seed,SEED,dms_sgpan,21,451,11.2548246383667,2.4991815090179443,1,Neutral,1,1,15
seed,SEED,dms_sgpan,22,473,4.950401782989502,13.513140678405762,0,Negative,0,1,15
seed,SEED,dms_sgpan,23,541,5.199317455291748,10.692367553710938,0,Negative,0,1,15
seed,SEED,dms_sgpan,24,552,4.695333480834961,9.770817756652832,0,Negative,0,1,15
seed,SEED,dms_sgpan,25,553,4.695823669433594,9.76302719116211,0,Negative,0,1,15
seed,SEED,dms_sgpan,26,567,4.429477691650391,9.396240234375,0,Negative,0,1,15
seed,SEED,dms_sgpan,27,583,4.860740661621094,12.937553405761719,0,Negative,0,1,15
seed,SEED,dms_sgpan,28,611,4.546079158782959,14.49988079071045,0,Negative,0,1,15
seed,SEED,dms_sgpan,29,621,4.449124813079834,14.573262214660645,0,Negative,0,1,15
seed,SEED,dms_sgpan,30,648,4.224634647369385,14.283942222595215,0,Negative,0,1,15
seed,SEED,dms_sgpan,31,652,4.049502849578857,14.372407913208008,0,Negative,0,1,15
seed,SEED,dms_sgpan,32,664,4.029940128326416,14.701460838317871,0,Negative,0,1,15
seed,SEED,dms_sgpan,33,691,4.3491034507751465,10.490514755249023,0,Negative,0,1,15
seed,SEED,dms_sgpan,34,697,4.232980251312256,10.820327758789062,0,Negative,0,1,15
seed,SEED,dms_sgpan,35,698,4.179448127746582,10.821700096130371,0,Negative,0,1,15
seed,SEED,dms_sgpan,36,706,4.0305867195129395,10.890085220336914,0,Negative,0,1,15
seed,SEED,dms_sgpan,37,726,3.9426774978637695,10.818981170654297,0,Negative,0,1,15
seed,SEED,dms_sgpan,38,755,3.996361255645752,11.06977367401123,0,Negative,0,1,15
seed,SEED,dms_sgpan,39,778,4.468574047088623,11.833012580871582,0,Negative,0,1,15
seed,SEED,dms_sgpan,40,800,4.598228931427002,12.072419166564941,0,Negative,0,1,15
seed,SEED,dms_sgpan,41,809,4.527276039123535,11.922764778137207,0,Negative,0,1,15
seed,SEED,dms_sgpan,42,829,4.5507402420043945,11.204689025878906,0,Negative,0,1,15
seed,SEED,dms_sgpan,43,850,4.914006233215332,10.548280715942383,0,Negative,0,1,15
seed,SEED,dms_sgpan,44,859,5.081990718841553,10.812520980834961,0,Negative,0,1,15
seed,SEED,dms_sgpan,45,943,14.365711212158203,-0.4581311047077179,1,Neutral,1,1,15
seed,SEED,dms_sgpan,46,946,14.366266250610352,-0.47257891297340393,1,Neutral,1,1,15
seed,SEED,dms_sgpan,47,972,14.276691436767578,-0.21200351417064667,1,Neutral,1,1,15
seed,SEED,dms_sgpan,48,1033,13.3662748336792,0.38278573751449585,1,Neutral,1,1,15
seed,SEED,dms_sgpan,49,1035,13.190874099731445,0.2282232940196991,1,Neutral,1,1,15
seed,SEED,dms_sgpan,50,1041,13.095391273498535,0.3271460235118866,1,Neutral,1,1,15
seed,SEED,dms_sgpan,51,1051,13.039926528930664,0.4439763128757477,1,Neutral,1,1,15
seed,SEED,dms_sgpan,52,1103,-12.20302963256836,-17.03542137145996,2,Positive,2,1,15
seed,SEED,dms_sgpan,53,1117,-13.20969009399414,-17.21333885192871,2,Positive,2,1,15
seed,SEED,dms_sgpan,54,1137,-13.217120170593262,-17.288070678710938,2,Positive,2,1,15
seed,SEED,dms_sgpan,55,1143,-13.086426734924316,-17.397897720336914,2,Positive,2,1,15
seed,SEED,dms_sgpan,56,1161,-12.44764232635498,-17.60991859436035,2,Positive,2,1,15
seed,SEED,dms_sgpan,57,1183,-11.899163246154785,-17.373062133789062,2,Positive,2,1,15
seed,SEED,dms_sgpan,58,1273,-12.867984771728516,-17.516023635864258,2,Positive,2,1,15
seed,SEED,dms_sgpan,59,1287,-13.029021263122559,-17.31964874267578,2,Positive,2,1,15
seed,SEED,dms_sgpan,60,1341,4.667318344116211,13.578888893127441,0,Negative,0,1,15
seed,SEED,dms_sgpan,61,1348,4.186336994171143,13.612089157104492,0,Negative,0,1,15
seed,SEED,dms_sgpan,62,1360,4.085851192474365,13.83248519897461,0,Negative,0,1,15
seed,SEED,dms_sgpan,63,1382,4.533334732055664,13.287789344787598,0,Negative,0,1,15
seed,SEED,dms_sgpan,64,1418,4.878462791442871,13.414987564086914,0,Negative,0,1,15
seed,SEED,dms_sgpan,65,1469,4.965234279632568,13.448234558105469,0,Negative,0,1,15
seed,SEED,dms_sgpan,66,1490,4.935369491577148,13.836188316345215,0,Negative,0,1,15
seed,SEED,dms_sgpan,67,1509,4.910828590393066,14.219696998596191,0,Negative,0,1,15
seed,SEED,dms_sgpan,68,1522,4.9334821701049805,14.15539264678955,0,Negative,0,1,15
seed,SEED,dms_sgpan,69,1547,13.535682678222656,-0.23552417755126953,1,Neutral,1,1,15
seed,SEED,dms_sgpan,70,1559,13.461501121520996,-0.1481560319662094,1,Neutral,1,1,15
seed,SEED,dms_sgpan,71,1564,13.857708930969238,0.19443796575069427,1,Neutral,1,1,15
seed,SEED,dms_sgpan,72,1566,13.921637535095215,0.14694499969482422,1,Neutral,1,1,15
seed,SEED,dms_sgpan,73,1643,13.792468070983887,-0.4733693599700928,1,Neutral,1,1,15
seed,SEED,dms_sgpan,74,1654,13.555923461914062,-0.3070491850376129,1,Neutral,1,1,15
seed,SEED,dms_sgpan,75,1676,13.767166137695312,-0.34396371245384216,1,Neutral,1,1,15
seed,SEED,dms_sgpan,76,1684,14.086408615112305,0.04767468571662903,1,Neutral,1,1,15
seed,SEED,dms_sgpan,77,1703,13.757349014282227,0.37695926427841187,1,Neutral,1,1,15
seed,SEED,dms_sgpan,78,1707,13.17039966583252,0.6486268043518066,1,Neutral,1,1,15
seed,SEED,dms_sgpan,79,1714,12.28209114074707,1.415948510169983,1,Neutral,1,1,15
seed,SEED,dms_sgpan,80,1719,12.12555980682373,1.7919498682022095,1,Neutral,1,1,15
seed,SEED,dms_sgpan,81,1741,12.854218482971191,0.678490161895752,1,Neutral,1,1,15
seed,SEED,dms_sgpan,82,1745,-11.684916496276855,-15.656878471374512,2,Positive,2,1,15
seed,SEED,dms_sgpan,83,1752,-11.708284378051758,-15.606221199035645,2,Positive,2,1,15
seed,SEED,dms_sgpan,84,1754,-11.797743797302246,-15.573638916015625,2,Positive,2,1,15
seed,SEED,dms_sgpan,85,1797,-14.591248512268066,-15.315662384033203,2,Positive,2,1,15
seed,SEED,dms_sgpan,86,1809,-14.18484115600586,-15.507896423339844,2,Positive,2,1,15
seed,SEED,dms_sgpan,87,1820,-13.892521858215332,-15.762076377868652,2,Positive,2,1,15
seed,SEED,dms_sgpan,88,1858,-13.65297794342041,-15.600339889526367,2,Positive,2,1,15
seed,SEED,dms_sgpan,89,1869,-13.054431915283203,-15.33269214630127,2,Positive,2,1,15
seed,SEED,dms_sgpan,90,1870,-13.02409839630127,-15.330329895019531,2,Positive,2,1,15
seed,SEED,dms_sgpan,91,1888,-12.300529479980469,-15.387310981750488,2,Positive,2,1,15
seed,SEED,dms_sgpan,92,1898,-12.168391227722168,-15.512846946716309,2,Positive,2,1,15
seed,SEED,dms_sgpan,93,1906,-12.045476913452148,-15.670306205749512,2,Positive,2,1,15
seed,SEED,dms_sgpan,94,1916,-12.347482681274414,-15.739336967468262,2,Positive,2,1,15
seed,SEED,dms_sgpan,95,1923,-12.755455017089844,-15.709877967834473,2,Positive,2,1,15
seed,SEED,dms_sgpan,96,1942,-14.129589080810547,-15.537186622619629,2,Positive,2,1,15
seed,SEED,dms_sgpan,97,2002,-14.055929183959961,-14.870548248291016,2,Positive,2,1,15
seed,SEED,dms_sgpan,98,2009,-14.074838638305664,-14.83599853515625,2,Positive,2,1,15
seed,SEED,dms_sgpan,99,2010,-11.649517059326172,-15.993409156799316,2,Positive,2,1,15
seed,SEED,dms_sgpan,100,2023,-11.252802848815918,-16.325088500976562,2,Positive,2,1,15
seed,SEED,dms_sgpan,101,2047,-11.54638671875,-16.50128746032715,2,Positive,2,1,15
seed,SEED,dms_sgpan,102,2054,-11.502371788024902,-16.473968505859375,2,Positive,2,1,15
seed,SEED,dms_sgpan,103,2060,-11.435455322265625,-16.39752960205078,2,Positive,2,1,15
seed,SEED,dms_sgpan,104,2076,-10.846943855285645,-16.387474060058594,2,Positive,2,1,15
seed,SEED,dms_sgpan,105,2134,-14.612076759338379,-15.167360305786133,2,Positive,2,1,15
seed,SEED,dms_sgpan,106,2190,-14.515399932861328,-16.11903953552246,2,Positive,2,1,15
seed,SEED,dms_sgpan,107,2213,-13.665143966674805,-17.034269332885742,2,Positive,2,1,15
seed,SEED,dms_sgpan,108,2264,11.779536247253418,2.136763572692871,1,Neutral,1,1,15
seed,SEED,dms_sgpan,109,2265,11.811797142028809,2.1066505908966064,1,Neutral,1,1,15
seed,SEED,dms_sgpan,110,2273,11.981971740722656,1.9020670652389526,1,Neutral,1,1,15
seed,SEED,dms_sgpan,111,2335,4.645701885223389,8.84664535522461,1,Neutral,0,0,15
seed,SEED,dms_sgpan,112,2340,6.448602676391602,10.225028038024902,1,Neutral,0,0,15
seed,SEED,dms_sgpan,113,2348,6.401325225830078,10.336124420166016,1,Neutral,0,0,15
seed,SEED,dms_sgpan,114,2509,4.983681678771973,14.177407264709473,0,Negative,0,1,15
seed,SEED,dms_sgpan,115,2525,4.53890323638916,14.850515365600586,0,Negative,0,1,15
seed,SEED,dms_sgpan,116,2556,4.786240100860596,14.55319595336914,0,Negative,0,1,15
seed,SEED,dms_sgpan,117,2606,4.868566513061523,15.014366149902344,0,Negative,0,1,15
seed,SEED,dms_sgpan,118,2654,4.189301013946533,14.978878021240234,0,Negative,0,1,15
seed,SEED,dms_sgpan,119,2662,3.9390904903411865,14.670707702636719,0,Negative,0,1,15
seed,SEED,dms_sgpan,120,2675,3.8160970211029053,14.211359977722168,0,Negative,0,1,15
seed,SEED,dms_sgpan,121,2685,3.967008352279663,13.937548637390137,0,Negative,0,1,15
seed,SEED,dms_sgpan,122,2825,12.740612030029297,0.8327794671058655,1,Neutral,1,1,15
seed,SEED,dms_sgpan,123,2868,12.008964538574219,1.2555084228515625,1,Neutral,1,1,15
seed,SEED,dms_sgpan,124,2871,11.831799507141113,1.2958966493606567,1,Neutral,1,1,15
seed,SEED,dms_sgpan,125,2897,11.979990005493164,1.2722842693328857,1,Neutral,1,1,15
seed,SEED,dms_sgpan,126,2912,11.40393352508545,2.3481290340423584,1,Neutral,1,1,15
seed,SEED,dms_sgpan,127,2914,10.845813751220703,2.203317642211914,1,Neutral,1,1,15
seed,SEED,dms_sgpan,128,2916,10.835224151611328,2.2352664470672607,1,Neutral,1,1,15
seed,SEED,dms_sgpan,129,2921,11.426795959472656,2.3200981616973877,1,Neutral,1,1,15
seed,SEED,dms_sgpan,130,2933,11.62887191772461,1.4194062948226929,1,Neutral,1,1,15
seed,SEED,dms_sgpan,131,2946,11.201495170593262,1.7158585786819458,1,Neutral,1,1,15
seed,SEED,dms_sgpan,132,2952,-15.099506378173828,-15.554264068603516,2,Positive,2,1,15
seed,SEED,dms_sgpan,133,2982,-14.55411434173584,-17.172760009765625,2,Positive,2,1,15
seed,SEED,dms_sgpan,134,2990,-14.561769485473633,-17.291872024536133,2,Positive,2,1,15
seed,SEED,dms_sgpan,135,2992,-14.580293655395508,-17.305360794067383,2,Positive,2,1,15
seed,SEED,dms_sgpan,136,3033,-15.699228286743164,-15.859338760375977,2,Positive,2,1,15
seed,SEED,dms_sgpan,137,3061,-15.02900218963623,-15.976404190063477,2,Positive,2,1,15
seed,SEED,dms_sgpan,138,3066,-14.98004150390625,-16.097373962402344,2,Positive,2,1,15
seed,SEED,dms_sgpan,139,3145,-13.339743614196777,-17.9366455078125,2,Positive,2,1,15
seed,SEED,dms_sgpan,140,3195,6.084077835083008,9.030648231506348,0,Negative,0,1,15
seed,SEED,dms_sgpan,141,3202,5.192378997802734,9.313206672668457,0,Negative,0,1,15
seed,SEED,dms_sgpan,142,3213,4.069097518920898,10.729874610900879,0,Negative,0,1,15
seed,SEED,dms_sgpan,143,3252,4.332434177398682,13.483041763305664,0,Negative,0,1,15
seed,SEED,dms_sgpan,144,3261,4.2972941398620605,13.477846145629883,0,Negative,0,1,15
seed,SEED,dms_sgpan,145,3267,4.353094100952148,13.368912696838379,0,Negative,0,1,15
seed,SEED,dms_sgpan,146,3349,6.396163463592529,10.308366775512695,0,Negative,0,1,15
seed,SEED,dms_sgpan,147,3351,6.452630519866943,10.245222091674805,0,Negative,0,1,15
seed,SEED,dms_sgpan,148,3353,6.4807024002075195,10.22095775604248,0,Negative,0,1,15
seed,SEED,dms_sgpan,149,3391,6.42818546295166,9.255199432373047,0,Negative,0,1,15
seediv,SEED-IV,raw,0,0,8.045448303222656,1.9515217542648315,1,Sad,1,1,13
seediv,SEED-IV,raw,1,9,8.034814834594727,1.9464432001113892,1,Sad,1,1,13
seediv,SEED-IV,raw,2,15,8.023323059082031,1.9271939992904663,1,Sad,1,1,13
seediv,SEED-IV,raw,3,21,8.016524314880371,1.9085851907730103,1,Sad,1,1,13
seediv,SEED-IV,raw,4,26,8.012228012084961,1.891828179359436,1,Sad,1,1,13
seediv,SEED-IV,raw,5,32,8.01754379272461,1.8849290609359741,1,Sad,1,1,13
seediv,SEED-IV,raw,6,40,8.036439895629883,1.8671112060546875,1,Sad,1,1,13
seediv,SEED-IV,raw,7,43,-8.112149238586426,-2.741800546646118,2,Fear,2,1,13
seediv,SEED-IV,raw,8,45,-8.11358642578125,-2.741962194442749,2,Fear,2,1,13
seediv,SEED-IV,raw,9,51,-8.10344409942627,-2.7584965229034424,2,Fear,1,0,13
seediv,SEED-IV,raw,10,53,-8.102973937988281,-2.764509677886963,2,Fear,1,0,13
seediv,SEED-IV,raw,11,56,-8.1041841506958,-2.7752625942230225,2,Fear,1,0,13
seediv,SEED-IV,raw,12,58,-8.107702255249023,-2.781728506088257,2,Fear,1,0,13
seediv,SEED-IV,raw,13,60,-8.110650062561035,-2.78874135017395,2,Fear,2,1,13
seediv,SEED-IV,raw,14,65,9.402873992919922,7.162900924682617,3,Happy,3,1,13
seediv,SEED-IV,raw,15,75,9.60485553741455,7.114935874938965,3,Happy,3,1,13
seediv,SEED-IV,raw,16,79,9.877592086791992,6.910697937011719,3,Happy,3,1,13
seediv,SEED-IV,raw,17,80,9.879715919494629,6.908107757568359,3,Happy,3,1,13
seediv,SEED-IV,raw,18,87,9.329144477844238,7.047782897949219,3,Happy,3,1,13
seediv,SEED-IV,raw,19,94,9.80155086517334,6.52435302734375,3,Happy,3,1,13
seediv,SEED-IV,raw,20,96,9.777386665344238,6.480026721954346,3,Happy,3,1,13
seediv,SEED-IV,raw,21,98,9.134749412536621,6.803861141204834,3,Happy,3,1,13
seediv,SEED-IV,raw,22,105,9.046124458312988,6.601231575012207,3,Happy,3,1,13
seediv,SEED-IV,raw,23,106,9.060473442077637,6.543320655822754,3,Happy,3,1,13
seediv,SEED-IV,raw,24,110,9.507559776306152,6.231110095977783,3,Happy,3,1,13
seediv,SEED-IV,raw,25,111,9.477373123168945,6.231029510498047,3,Happy,3,1,13
seediv,SEED-IV,raw,26,113,9.2338285446167,6.305109977722168,3,Happy,3,1,13
seediv,SEED-IV,raw,27,116,4.081037998199463,0.45179787278175354,0,Neutral,0,1,13
seediv,SEED-IV,raw,28,125,3.9106996059417725,0.3860364258289337,0,Neutral,0,1,13
seediv,SEED-IV,raw,29,126,3.883841037750244,0.37014761567115784,0,Neutral,0,1,13
seediv,SEED-IV,raw,30,127,4.109656810760498,0.27859851717948914,0,Neutral,0,1,13
seediv,SEED-IV,raw,31,137,4.1287689208984375,-0.03032543510198593,0,Neutral,0,1,13
seediv,SEED-IV,raw,32,138,3.780883312225342,0.04090077430009842,0,Neutral,0,1,13
seediv,SEED-IV,raw,33,142,3.984253168106079,-0.12464124709367752,0,Neutral,0,1,13
seediv,SEED-IV,raw,34,143,3.902733564376831,-0.1284736841917038,0,Neutral,0,1,13
seediv,SEED-IV,raw,35,144,3.8590147495269775,-0.11258070915937424,0,Neutral,0,1,13
seediv,SEED-IV,raw,36,153,-7.143849849700928,-4.957796573638916,2,Fear,3,0,13
seediv,SEED-IV,raw,37,156,-7.140616416931152,-4.960859298706055,2,Fear,3,0,13
seediv,SEED-IV,raw,38,158,-7.132426738739014,-4.964301586151123,2,Fear,3,0,13
seediv,SEED-IV,raw,39,162,-7.125156402587891,-4.9681196212768555,2,Fear,3,0,13
seediv,SEED-IV,raw,40,166,-7.121592044830322,-4.968463897705078,2,Fear,3,0,13
seediv,SEED-IV,raw,41,168,2.7478420734405518,-3.101867914199829,0,Neutral,0,1,13
seediv,SEED-IV,raw,42,179,2.7043752670288086,-3.1899542808532715,0,Neutral,0,1,13
seediv,SEED-IV,raw,43,189,2.610264778137207,-3.323345899581909,0,Neutral,0,1,13
seediv,SEED-IV,raw,44,193,2.5856199264526367,-3.369127035140991,0,Neutral,0,1,13
seediv,SEED-IV,raw,45,195,2.5791354179382324,-3.384699583053589,0,Neutral,0,1,13
seediv,SEED-IV,raw,46,201,2.5890438556671143,-3.398000955581665,0,Neutral,0,1,13
seediv,SEED-IV,raw,47,204,2.603184938430786,-3.3881406784057617,0,Neutral,0,1,13
seediv,SEED-IV,raw,48,209,0.8940697312355042,-0.24084818363189697,0,Neutral,0,1,13
seediv,SEED-IV,raw,49,211,0.9084320068359375,-0.2308875322341919,0,Neutral,0,1,13
seediv,SEED-IV,raw,50,217,1.046191930770874,-0.1735764443874359,0,Neutral,0,1,13
seediv,SEED-IV,raw,51,220,1.1261543035507202,-0.2431032359600067,0,Neutral,0,1,13
seediv,SEED-IV,raw,52,222,1.1681487560272217,-0.36752328276634216,0,Neutral,0,1,13
seediv,SEED-IV,raw,53,224,1.2176755666732788,-0.4064655601978302,0,Neutral,0,1,13
seediv,SEED-IV,raw,54,229,1.378739356994629,-0.31907281279563904,0,Neutral,0,1,13
seediv,SEED-IV,raw,55,235,1.4574321508407593,-0.34909898042678833,0,Neutral,0,1,13
seediv,SEED-IV,raw,56,240,1.4720063209533691,-0.396010160446167,0,Neutral,0,1,13
seediv,SEED-IV,raw,57,246,-0.691531777381897,-2.785219192504883,1,Sad,1,1,13
seediv,SEED-IV,raw,58,251,-0.7189543843269348,-2.7536723613739014,1,Sad,1,1,13
seediv,SEED-IV,raw,59,253,-0.8917601704597473,-2.5377144813537598,1,Sad,1,1,13
seediv,SEED-IV,raw,60,257,-0.9752505421638489,-2.5014543533325195,1,Sad,1,1,13
seediv,SEED-IV,raw,61,269,-0.9195440411567688,-3.0887508392333984,1,Sad,1,1,13
seediv,SEED-IV,raw,62,271,-1.3663495779037476,-2.650991916656494,1,Sad,1,1,13
seediv,SEED-IV,raw,63,273,-1.4014910459518433,-2.7318027019500732,1,Sad,1,1,13
seediv,SEED-IV,raw,64,275,-1.05841064453125,-3.212550401687622,1,Sad,1,1,13
seediv,SEED-IV,raw,65,279,-1.6221823692321777,-2.8703958988189697,1,Sad,2,0,13
seediv,SEED-IV,raw,66,285,-1.6981455087661743,-3.090184211730957,1,Sad,2,0,13
seediv,SEED-IV,raw,67,295,-1.4715896844863892,-3.4515554904937744,1,Sad,2,0,13
seediv,SEED-IV,raw,68,296,-1.6360251903533936,-3.337265729904175,1,Sad,3,0,13
seediv,SEED-IV,raw,69,297,-1.4469513893127441,-3.4622397422790527,1,Sad,3,0,13
seediv,SEED-IV,raw,70,299,1.2960466146469116,2.382552146911621,0,Neutral,0,1,13
seediv,SEED-IV,raw,71,306,1.3425406217575073,2.4060516357421875,0,Neutral,0,1,13
seediv,SEED-IV,raw,72,310,1.3617624044418335,2.3342719078063965,0,Neutral,0,1,13
seediv,SEED-IV,raw,73,313,1.410357117652893,2.266814947128296,0,Neutral,0,1,13
seediv,SEED-IV,raw,74,315,1.494951844215393,2.240227222442627,0,Neutral,0,1,13
seediv,SEED-IV,raw,75,320,1.6208754777908325,2.1861555576324463,0,Neutral,0,1,13
seediv,SEED-IV,raw,76,322,1.635766863822937,2.1627657413482666,0,Neutral,0,1,13
seediv,SEED-IV,raw,77,331,1.6210713386535645,2.0894172191619873,0,Neutral,0,1,13
seediv,SEED-IV,raw,78,335,-1.9941201210021973,3.472262382507324,1,Sad,1,1,13
seediv,SEED-IV,raw,79,341,-1.9980305433273315,3.4469680786132812,1,Sad,1,1,13
seediv,SEED-IV,raw,80,358,-2.006405830383301,3.3206756114959717,1,Sad,1,1,13
seediv,SEED-IV,raw,81,360,-2.0121030807495117,3.30892276763916,1,Sad,1,1,13
seediv,SEED-IV,raw,82,373,-2.0351295471191406,3.290196418762207,1,Sad,1,1,13
seediv,SEED-IV,raw,83,375,-2.0356645584106445,3.2903969287872314,1,Sad,1,1,13
seediv,SEED-IV,raw,84,376,-11.194098472595215,-5.198178768157959,2,Fear,2,1,13
seediv,SEED-IV,raw,85,377,-11.194878578186035,-5.197641372680664,2,Fear,2,1,13
seediv,SEED-IV,raw,86,379,-11.195815086364746,-5.196768760681152,2,Fear,2,1,13
seediv,SEED-IV,raw,87,380,-11.197166442871094,-5.195559501647949,2,Fear,2,1,13
seediv,SEED-IV,raw,88,384,-11.201101303100586,-5.192091464996338,2,Fear,2,1,13
seediv,SEED-IV,raw,89,385,-11.20101261138916,-5.191867351531982,2,Fear,2,1,13
seediv,SEED-IV,raw,90,386,-11.20162296295166,-5.191919326782227,2,Fear,2,1,13
seediv,SEED-IV,raw,91,394,-2.3002188205718994,0.45759835839271545,1,Sad,1,1,13
seediv,SEED-IV,raw,92,396,-2.301517963409424,0.45882368087768555,1,Sad,1,1,13
seediv,SEED-IV,raw,93,398,-2.30196213722229,0.46196669340133667,1,Sad,3,0,13
seediv,SEED-IV,raw,94,406,-2.299182176589966,0.4807002544403076,1,Sad,3,0,13
seediv,SEED-IV,raw,95,408,-2.2951502799987793,0.4917886257171631,1,Sad,3,0,13
seediv,SEED-IV,raw,96,411,-2.277824878692627,0.5192950367927551,1,Sad,3,0,13
seediv,SEED-IV,raw,97,416,-5.277890205383301,-6.717653274536133,1,Sad,1,1,13
seediv,SEED-IV,raw,98,419,-5.272719860076904,-6.704399585723877,1,Sad,1,1,13
seediv,SEED-IV,raw,99,420,-5.2679243087768555,-6.6960320472717285,1,Sad,1,1,13
seediv,SEED-IV,raw,100,423,-5.252068996429443,-6.663005828857422,1,Sad,1,1,13
seediv,SEED-IV,raw,101,444,-5.0192084312438965,-6.42134952545166,1,Sad,1,1,13
seediv,SEED-IV,raw,102,455,-4.856626510620117,-6.31722354888916,1,Sad,1,1,13
seediv,SEED-IV,raw,103,459,-4.813047885894775,-6.284050464630127,1,Sad,1,1,13
seediv,SEED-IV,raw,104,464,-4.770266056060791,-6.250058174133301,1,Sad,1,1,13
seediv,SEED-IV,raw,105,467,-4.757232666015625,-6.247095108032227,1,Sad,1,1,13
seediv,SEED-IV,raw,106,469,5.7284440994262695,12.846878051757812,1,Sad,1,1,13
seediv,SEED-IV,raw,107,473,5.731034278869629,12.8093900680542,1,Sad,1,1,13
seediv,SEED-IV,raw,108,474,5.7087531089782715,12.771062850952148,1,Sad,1,1,13
seediv,SEED-IV,raw,109,475,5.7011823654174805,12.734768867492676,1,Sad,1,1,13
seediv,SEED-IV,raw,110,478,5.896026611328125,12.668441772460938,1,Sad,1,1,13
seediv,SEED-IV,raw,111,485,5.899539470672607,12.43998908996582,1,Sad,1,1,13
seediv,SEED-IV,raw,112,491,5.895531177520752,12.33419132232666,1,Sad,1,1,13
seediv,SEED-IV,raw,113,503,5.885260581970215,12.290935516357422,1,Sad,1,1,13
seediv,SEED-IV,raw,114,509,5.897026062011719,12.299013137817383,1,Sad,1,1,13
seediv,SEED-IV,raw,115,512,-9.548835754394531,-9.704169273376465,2,Fear,2,1,13
seediv,SEED-IV,raw,116,524,-9.188488006591797,-9.618680000305176,2,Fear,2,1,13
seediv,SEED-IV,raw,117,525,-9.136859893798828,-9.618165016174316,2,Fear,2,1,13
seediv,SEED-IV,raw,118,531,-9.506359100341797,-10.054767608642578,2,Fear,2,1,13
seediv,SEED-IV,raw,119,537,-9.522994995117188,-10.296965599060059,2,Fear,2,1,13
seediv,SEED-IV,raw,120,540,-9.45228099822998,-10.33562183380127,2,Fear,2,1,13
seediv,SEED-IV,raw,121,541,-8.772891998291016,-9.84138298034668,2,Fear,2,1,13
seediv,SEED-IV,raw,122,545,-8.67473030090332,-9.998997688293457,2,Fear,2,1,13
seediv,SEED-IV,raw,123,547,-8.608442306518555,-10.092100143432617,2,Fear,2,1,13
seediv,SEED-IV,raw,124,550,-9.008890151977539,-10.473149299621582,2,Fear,2,1,13
seediv,SEED-IV,raw,125,552,-8.492902755737305,-10.33126163482666,2,Fear,2,1,13
seediv,SEED-IV,raw,126,555,-8.431836128234863,-10.48449993133545,2,Fear,2,1,13
seediv,SEED-IV,raw,127,557,-9.2500638961792,-10.830025672912598,2,Fear,2,1,13
seediv,SEED-IV,raw,128,558,-9.222835540771484,-10.854192733764648,2,Fear,2,1,13
seediv,SEED-IV,raw,129,568,-8.885347366333008,-10.99688720703125,2,Fear,2,1,13
seediv,SEED-IV,raw,130,569,-8.524932861328125,-10.854287147521973,2,Fear,2,1,13
seediv,SEED-IV,raw,131,571,-8.617090225219727,-10.923245429992676,2,Fear,2,1,13
seediv,SEED-IV,raw,132,576,0.37108373641967773,6.477159023284912,3,Happy,3,1,13
seediv,SEED-IV,raw,133,578,0.379559725522995,6.433781623840332,3,Happy,3,1,13
seediv,SEED-IV,raw,134,584,0.522541344165802,6.17484712600708,3,Happy,3,1,13
seediv,SEED-IV,raw,135,589,0.5437188148498535,6.173847675323486,3,Happy,3,1,13
seediv,SEED-IV,raw,136,594,0.581191897392273,6.790263652801514,3,Happy,3,1,13
seediv,SEED-IV,raw,137,595,0.6196478009223938,6.798210144042969,3,Happy,3,1,13
seediv,SEED-IV,raw,138,598,0.8811424374580383,6.796902179718018,3,Happy,3,1,13
seediv,SEED-IV,raw,139,600,1.0192298889160156,6.707253456115723,3,Happy,3,1,13
seediv,SEED-IV,raw,140,602,1.1078628301620483,6.547918319702148,3,Happy,3,1,13
seediv,SEED-IV,raw,141,604,0.9282832741737366,6.138028144836426,3,Happy,3,1,13
seediv,SEED-IV,raw,142,606,0.9733368158340454,6.167441368103027,3,Happy,3,1,13
seediv,SEED-IV,raw,143,607,1.092018485069275,6.340002059936523,3,Happy,3,1,13
seediv,SEED-IV,raw,144,611,-6.505464553833008,-9.386087417602539,2,Fear,2,1,13
seediv,SEED-IV,raw,145,612,-6.505482196807861,-9.385637283325195,2,Fear,2,1,13
seediv,SEED-IV,raw,146,615,-6.505684852600098,-9.383546829223633,2,Fear,2,1,13
seediv,SEED-IV,raw,147,620,-6.517618656158447,-9.384642601013184,2,Fear,2,1,13
seediv,SEED-IV,raw,148,622,-6.52328634262085,-9.385595321655273,2,Fear,2,1,13
seediv,SEED-IV,raw,149,626,-6.5281877517700195,-9.386270523071289,2,Fear,2,1,13
seediv,SEED-IV,raw,150,630,-4.173653602600098,11.353899002075195,2,Fear,2,1,13
seediv,SEED-IV,raw,151,638,-4.171902656555176,11.42779541015625,2,Fear,2,1,13
seediv,SEED-IV,raw,152,645,-4.187901973724365,11.558207511901855,2,Fear,2,1,13
seediv,SEED-IV,raw,153,650,-4.1906046867370605,11.71570873260498,2,Fear,2,1,13
seediv,SEED-IV,raw,154,657,-4.2062811851501465,11.85607624053955,2,Fear,2,1,13
seediv,SEED-IV,raw,155,661,-4.223418712615967,11.869976997375488,2,Fear,2,1,13
seediv,SEED-IV,raw,156,667,-4.251650810241699,11.873685836791992,2,Fear,2,1,13
seediv,SEED-IV,raw,157,670,-4.246798992156982,11.850282669067383,2,Fear,2,1,13
seediv,SEED-IV,raw,158,671,-1.1885020732879639,-8.309653282165527,3,Happy,3,1,13
seediv,SEED-IV,raw,159,675,-1.1758947372436523,-8.352177619934082,3,Happy,3,1,13
seediv,SEED-IV,raw,160,681,-1.1525745391845703,-8.120341300964355,3,Happy,3,1,13
seediv,SEED-IV,raw,161,686,-0.9174482822418213,-8.53498363494873,3,Happy,3,1,13
seediv,SEED-IV,raw,162,688,-0.8275498151779175,-8.539551734924316,3,Happy,3,1,13
seediv,SEED-IV,raw,163,692,-0.8589569926261902,-7.9377312660217285,3,Happy,3,1,13
seediv,SEED-IV,raw,164,693,-0.8370152711868286,-7.9374589920043945,3,Happy,3,1,13
seediv,SEED-IV,raw,165,697,-0.6421656012535095,-8.003005027770996,3,Happy,3,1,13
seediv,SEED-IV,raw,166,698,-0.6054955124855042,-8.472345352172852,3,Happy,3,1,13
seediv,SEED-IV,raw,167,700,-0.5058450102806091,-8.202669143676758,3,Happy,3,1,13
seediv,SEED-IV,raw,168,702,-0.5001930594444275,-8.273834228515625,3,Happy,3,1,13
seediv,SEED-IV,raw,169,708,-3.668860912322998,6.3387274742126465,3,Happy,2,0,13
seediv,SEED-IV,raw,170,714,-3.6719346046447754,6.341575622558594,3,Happy,2,0,13
seediv,SEED-IV,raw,171,718,4.093119144439697,5.109169006347656,0,Neutral,0,1,13
seediv,SEED-IV,raw,172,724,4.091060638427734,5.103916168212891,0,Neutral,0,1,13
seediv,SEED-IV,raw,173,736,4.0955119132995605,5.09183406829834,0,Neutral,0,1,13
seediv,SEED-IV,raw,174,740,4.094722747802734,5.089570999145508,0,Neutral,0,1,13
seediv,SEED-IV,raw,175,741,4.094456195831299,5.089515209197998,0,Neutral,0,1,13
seediv,SEED-IV,raw,176,744,4.093815326690674,5.0898966789245605,0,Neutral,0,1,13
seediv,SEED-IV,raw,177,750,1.22421133518219,12.593730926513672,3,Happy,3,1,13
seediv,SEED-IV,raw,178,760,1.2221834659576416,12.595364570617676,3,Happy,3,1,13
seediv,SEED-IV,raw,179,764,1.220592737197876,12.595306396484375,3,Happy,3,1,13
seediv,SEED-IV,raw,180,771,1.2178643941879272,12.596004486083984,3,Happy,3,1,13
seediv,SEED-IV,raw,181,773,1.2173490524291992,12.596305847167969,3,Happy,3,1,13
seediv,SEED-IV,raw,182,777,-2.8957417011260986,8.07094669342041,0,Neutral,3,0,13
seediv,SEED-IV,raw,183,778,-2.9121286869049072,8.065584182739258,0,Neutral,3,0,13
seediv,SEED-IV,raw,184,782,-3.0866918563842773,8.059903144836426,0,Neutral,3,0,13
seediv,SEED-IV,raw,185,790,-2.815119504928589,8.328890800476074,0,Neutral,0,1,13
seediv,SEED-IV,raw,186,791,-3.294234275817871,8.268416404724121,0,Neutral,0,1,13
seediv,SEED-IV,raw,187,795,-3.351567268371582,8.40408992767334,0,Neutral,0,1,13
seediv,SEED-IV,raw,188,799,-2.848536252975464,8.616905212402344,0,Neutral,0,1,13
seediv,SEED-IV,raw,189,806,-3.3040506839752197,8.71576976776123,0,Neutral,0,1,13
seediv,SEED-IV,raw,190,808,-3.2550101280212402,8.768416404724121,0,Neutral,0,1,13
seediv,SEED-IV,raw,191,812,-2.9770333766937256,8.856332778930664,0,Neutral,0,1,13
seediv,SEED-IV,raw,192,813,-3.022461414337158,8.871803283691406,0,Neutral,0,1,13
seediv,SEED-IV,raw,193,827,4.699591636657715,9.821337699890137,3,Happy,2,0,13
seediv,SEED-IV,raw,194,828,4.699169158935547,9.819863319396973,3,Happy,2,0,13
seediv,SEED-IV,raw,195,830,4.698953151702881,9.813359260559082,3,Happy,2,0,13
seediv,SEED-IV,raw,196,833,4.695802211761475,9.809693336486816,3,Happy,2,0,13
seediv,SEED-IV,raw,197,840,4.688540458679199,9.784221649169922,3,Happy,2,0,13
seediv,SEED-IV,raw,198,842,4.689839839935303,9.769847869873047,3,Happy,2,0,13
seediv,SEED-IV,raw,199,849,4.690292835235596,9.765591621398926,3,Happy,2,0,13
seediv,SEED-IV,dms_sgpan,0,0,-11.313258171081543,-7.923070907592773,1,Sad,1,1,13
seediv,SEED-IV,dms_sgpan,1,9,-11.147159576416016,-7.827476501464844,1,Sad,1,1,13
seediv,SEED-IV,dms_sgpan,2,15,-10.948373794555664,-7.806790351867676,1,Sad,1,1,13
seediv,SEED-IV,dms_sgpan,3,21,-10.717748641967773,-7.873157978057861,1,Sad,1,1,13
seediv,SEED-IV,dms_sgpan,4,26,-10.264920234680176,-7.992310523986816,1,Sad,1,1,13
seediv,SEED-IV,dms_sgpan,5,32,-8.464370727539062,-8.632040977478027,1,Sad,1,1,13
seediv,SEED-IV,dms_sgpan,6,40,-7.787928581237793,-8.743154525756836,1,Sad,1,1,13
seediv,SEED-IV,dms_sgpan,7,43,-4.09988260269165,-13.044661521911621,2,Fear,2,1,13
seediv,SEED-IV,dms_sgpan,8,45,-4.138487339019775,-12.96387004852295,2,Fear,2,1,13
seediv,SEED-IV,dms_sgpan,9,51,-4.339148044586182,-12.518567085266113,2,Fear,1,0,13
seediv,SEED-IV,dms_sgpan,10,53,-4.342006206512451,-12.496572494506836,2,Fear,1,0,13
seediv,SEED-IV,dms_sgpan,11,56,-4.321534156799316,-12.4829740524292,2,Fear,1,0,13
seediv,SEED-IV,dms_sgpan,12,58,-4.278980731964111,-12.545695304870605,2,Fear,1,0,13
seediv,SEED-IV,dms_sgpan,13,60,-4.172217845916748,-12.712295532226562,2,Fear,2,1,13
seediv,SEED-IV,dms_sgpan,14,65,7.11200475692749,-1.4681179523468018,3,Happy,3,1,13
seediv,SEED-IV,dms_sgpan,15,75,7.122729301452637,-1.450110912322998,3,Happy,3,1,13
seediv,SEED-IV,dms_sgpan,16,79,7.105378150939941,-1.4129263162612915,3,Happy,3,1,13
seediv,SEED-IV,dms_sgpan,17,80,7.142701148986816,-1.3951220512390137,3,Happy,3,1,13
seediv,SEED-IV,dms_sgpan,18,87,7.042184829711914,-0.9769512414932251,3,Happy,3,1,13
seediv,SEED-IV,dms_sgpan,19,94,7.086123943328857,-0.8075636029243469,3,Happy,3,1,13
seediv,SEED-IV,dms_sgpan,20,96,7.628444671630859,-1.014527678489685,3,Happy,3,1,13
seediv,SEED-IV,dms_sgpan,21,98,7.643383026123047,-0.987568199634552,3,Happy,3,1,13
seediv,SEED-IV,dms_sgpan,22,105,7.149273872375488,-0.6689525842666626,3,Happy,3,1,13
seediv,SEED-IV,dms_sgpan,23,106,7.689451694488525,-0.9006426930427551,3,Happy,3,1,13
seediv,SEED-IV,dms_sgpan,24,110,7.164272785186768,-0.5982913970947266,3,Happy,3,1,13
seediv,SEED-IV,dms_sgpan,25,111,7.733614444732666,-0.842281699180603,3,Happy,3,1,13
seediv,SEED-IV,dms_sgpan,26,113,7.161932468414307,-0.5829732418060303,3,Happy,3,1,13
seediv,SEED-IV,dms_sgpan,27,116,4.081450939178467,13.666598320007324,0,Neutral,0,1,13
seediv,SEED-IV,dms_sgpan,28,125,3.7913947105407715,13.452004432678223,0,Neutral,0,1,13
seediv,SEED-IV,dms_sgpan,29,126,3.7681326866149902,13.408681869506836,0,Neutral,0,1,13
seediv,SEED-IV,dms_sgpan,30,127,4.411366939544678,13.430140495300293,0,Neutral,0,1,13
seediv,SEED-IV,dms_sgpan,31,137,4.420293807983398,13.389580726623535,0,Neutral,0,1,13
seediv,SEED-IV,dms_sgpan,32,138,4.424278259277344,13.374733924865723,0,Neutral,0,1,13
seediv,SEED-IV,dms_sgpan,33,142,3.7657384872436523,13.288064002990723,0,Neutral,0,1,13
seediv,SEED-IV,dms_sgpan,34,143,3.7796883583068848,13.263952255249023,0,Neutral,0,1,13
seediv,SEED-IV,dms_sgpan,35,144,4.366641044616699,13.276987075805664,0,Neutral,0,1,13
seediv,SEED-IV,dms_sgpan,36,153,0.5467162728309631,-2.4211654663085938,2,Fear,3,0,13
seediv,SEED-IV,dms_sgpan,37,156,0.5438112020492554,-2.434692621231079,2,Fear,3,0,13
seediv,SEED-IV,dms_sgpan,38,158,0.5320308804512024,-2.4533393383026123,2,Fear,3,0,13
seediv,SEED-IV,dms_sgpan,39,162,0.5163687467575073,-2.4698054790496826,2,Fear,3,0,13
seediv,SEED-IV,dms_sgpan,40,166,0.5007109045982361,-2.4960477352142334,2,Fear,3,0,13
seediv,SEED-IV,dms_sgpan,41,168,4.7562785148620605,12.137349128723145,0,Neutral,0,1,13
seediv,SEED-IV,dms_sgpan,42,179,4.5470170974731445,12.160982131958008,0,Neutral,0,1,13
seediv,SEED-IV,dms_sgpan,43,189,4.317582130432129,11.955828666687012,0,Neutral,0,1,13
seediv,SEED-IV,dms_sgpan,44,193,4.375452995300293,11.741151809692383,0,Neutral,0,1,13
seediv,SEED-IV,dms_sgpan,45,195,4.353590965270996,11.701438903808594,0,Neutral,0,1,13
seediv,SEED-IV,dms_sgpan,46,201,4.112648010253906,11.894769668579102,0,Neutral,0,1,13
seediv,SEED-IV,dms_sgpan,47,204,4.061954498291016,12.01553726196289,0,Neutral,0,1,13
seediv,SEED-IV,dms_sgpan,48,209,3.420454740524292,10.692282676696777,0,Neutral,0,1,13
seediv,SEED-IV,dms_sgpan,49,211,3.5771305561065674,10.87160587310791,0,Neutral,0,1,13
seediv,SEED-IV,dms_sgpan,50,217,3.701397657394409,10.916003227233887,0,Neutral,0,1,13
seediv,SEED-IV,dms_sgpan,51,220,3.9774160385131836,10.594533920288086,0,Neutral,0,1,13
seediv,SEED-IV,dms_sgpan,52,222,3.544992446899414,10.475678443908691,0,Neutral,0,1,13
seediv,SEED-IV,dms_sgpan,53,224,3.523308753967285,10.397550582885742,0,Neutral,0,1,13
seediv,SEED-IV,dms_sgpan,54,229,3.923774003982544,10.400856018066406,0,Neutral,0,1,13
seediv,SEED-IV,dms_sgpan,55,235,4.054115295410156,10.662652015686035,0,Neutral,0,1,13
seediv,SEED-IV,dms_sgpan,56,240,4.048866271972656,10.676848411560059,0,Neutral,0,1,13
seediv,SEED-IV,dms_sgpan,57,246,-7.028243064880371,-8.69259262084961,1,Sad,1,1,13
seediv,SEED-IV,dms_sgpan,58,251,-7.098544120788574,-8.765019416809082,1,Sad,1,1,13
seediv,SEED-IV,dms_sgpan,59,253,-7.146268844604492,-8.799930572509766,1,Sad,1,1,13
seediv,SEED-IV,dms_sgpan,60,257,-7.337687015533447,-8.925756454467773,1,Sad,1,1,13
seediv,SEED-IV,dms_sgpan,61,269,-5.869878768920898,-9.038009643554688,1,Sad,1,1,13
seediv,SEED-IV,dms_sgpan,62,271,-5.335193634033203,-9.034736633300781,1,Sad,1,1,13
seediv,SEED-IV,dms_sgpan,63,273,-4.888014316558838,-9.026529312133789,1,Sad,1,1,13
seediv,SEED-IV,dms_sgpan,64,275,-4.485263347625732,-8.994086265563965,1,Sad,1,1,13
seediv,SEED-IV,dms_sgpan,65,279,-3.680358648300171,-8.842303276062012,1,Sad,2,0,13
seediv,SEED-IV,dms_sgpan,66,285,-3.250429153442383,-8.718460083007812,1,Sad,2,0,13
seediv,SEED-IV,dms_sgpan,67,295,-3.186277389526367,-8.57201862335205,1,Sad,2,0,13
seediv,SEED-IV,dms_sgpan,68,296,-3.1813671588897705,-8.5545072555542,1,Sad,3,0,13
seediv,SEED-IV,dms_sgpan,69,297,-3.174039840698242,-8.53991985321045,1,Sad,3,0,13
seediv,SEED-IV,dms_sgpan,70,299,2.707277297973633,10.410555839538574,0,Neutral,0,1,13
seediv,SEED-IV,dms_sgpan,71,306,2.796457529067993,10.597579002380371,0,Neutral,0,1,13
seediv,SEED-IV,dms_sgpan,72,310,2.830862283706665,10.789280891418457,0,Neutral,0,1,13
seediv,SEED-IV,dms_sgpan,73,313,2.901555299758911,11.096994400024414,0,Neutral,0,1,13
seediv,SEED-IV,dms_sgpan,74,315,3.079662799835205,11.281203269958496,0,Neutral,0,1,13
seediv,SEED-IV,dms_sgpan,75,320,3.209578514099121,11.376100540161133,0,Neutral,0,1,13
seediv,SEED-IV,dms_sgpan,76,322,3.207156181335449,11.392961502075195,0,Neutral,0,1,13
seediv,SEED-IV,dms_sgpan,77,331,2.934936046600342,11.150507926940918,0,Neutral,0,1,13
seediv,SEED-IV,dms_sgpan,78,335,-11.738568305969238,-9.787421226501465,1,Sad,1,1,13
seediv,SEED-IV,dms_sgpan,79,341,-11.731444358825684,-9.882133483886719,1,Sad,1,1,13
seediv,SEED-IV,dms_sgpan,80,358,-11.499703407287598,-10.01041030883789,1,Sad,1,1,13
seediv,SEED-IV,dms_sgpan,81,360,-11.38846492767334,-10.024276733398438,1,Sad,1,1,13
seediv,SEED-IV,dms_sgpan,82,373,-10.677199363708496,-9.408303260803223,1,Sad,1,1,13
seediv,SEED-IV,dms_sgpan,83,375,-10.634504318237305,-9.396502494812012,1,Sad,1,1,13
seediv,SEED-IV,dms_sgpan,84,376,1.738745093345642,-17.5257625579834,2,Fear,2,1,13
seediv,SEED-IV,dms_sgpan,85,377,1.7384493350982666,-17.52541732788086,2,Fear,2,1,13
seediv,SEED-IV,dms_sgpan,86,379,1.7409809827804565,-17.52909278869629,2,Fear,2,1,13
seediv,SEED-IV,dms_sgpan,87,380,1.74265718460083,-17.53168487548828,2,Fear,2,1,13
seediv,SEED-IV,dms_sgpan,88,384,1.7438700199127197,-17.53373146057129,2,Fear,2,1,13
seediv,SEED-IV,dms_sgpan,89,385,1.7435028553009033,-17.53264808654785,2,Fear,2,1,13
seediv,SEED-IV,dms_sgpan,90,386,1.743481159210205,-17.53285789489746,2,Fear,2,1,13
seediv,SEED-IV,dms_sgpan,91,394,-1.9291483163833618,-5.479922294616699,1,Sad,1,1,13
seediv,SEED-IV,dms_sgpan,92,396,-1.8937156200408936,-5.41323184967041,1,Sad,1,1,13
seediv,SEED-IV,dms_sgpan,93,398,-1.871816873550415,-5.3716206550598145,1,Sad,3,0,13
seediv,SEED-IV,dms_sgpan,94,406,-1.6723196506500244,-5.042313098907471,1,Sad,3,0,13
seediv,SEED-IV,dms_sgpan,95,408,-1.6092593669891357,-4.92579460144043,1,Sad,3,0,13
seediv,SEED-IV,dms_sgpan,96,411,-1.5444791316986084,-4.833213806152344,1,Sad,3,0,13
seediv,SEED-IV,dms_sgpan,97,416,-10.955595970153809,-9.961359024047852,1,Sad,1,1,13
seediv,SEED-IV,dms_sgpan,98,419,-10.959696769714355,-9.961905479431152,1,Sad,1,1,13
seediv,SEED-IV,dms_sgpan,99,420,-10.97556209564209,-9.97402572631836,1,Sad,1,1,13
seediv,SEED-IV,dms_sgpan,100,423,-10.961349487304688,-9.994978904724121,1,Sad,1,1,13
seediv,SEED-IV,dms_sgpan,101,444,-10.290283203125,-9.722312927246094,1,Sad,1,1,13
seediv,SEED-IV,dms_sgpan,102,455,-9.177898406982422,-9.377422332763672,1,Sad,1,1,13
seediv,SEED-IV,dms_sgpan,103,459,-8.63759708404541,-9.277609825134277,1,Sad,1,1,13
seediv,SEED-IV,dms_sgpan,104,464,-8.151921272277832,-9.180826187133789,1,Sad,1,1,13
seediv,SEED-IV,dms_sgpan,105,467,-7.937564849853516,-9.12906265258789,1,Sad,1,1,13
seediv,SEED-IV,dms_sgpan,106,469,-11.48151969909668,-9.087163925170898,1,Sad,1,1,13
seediv,SEED-IV,dms_sgpan,107,473,-11.722467422485352,-9.103404998779297,1,Sad,1,1,13
seediv,SEED-IV,dms_sgpan,108,474,-11.817538261413574,-9.126591682434082,1,Sad,1,1,13
seediv,SEED-IV,dms_sgpan,109,475,-11.864540100097656,-9.143515586853027,1,Sad,1,1,13
seediv,SEED-IV,dms_sgpan,110,478,-11.95707893371582,-9.15453815460205,1,Sad,1,1,13
seediv,SEED-IV,dms_sgpan,111,485,-11.791058540344238,-8.83201789855957,1,Sad,1,1,13
seediv,SEED-IV,dms_sgpan,112,491,-11.289443016052246,-8.8516263961792,1,Sad,1,1,13
seediv,SEED-IV,dms_sgpan,113,503,-11.220683097839355,-8.728388786315918,1,Sad,1,1,13
seediv,SEED-IV,dms_sgpan,114,509,-11.265715599060059,-8.634489059448242,1,Sad,1,1,13
seediv,SEED-IV,dms_sgpan,115,512,-1.0635926723480225,-17.050369262695312,2,Fear,2,1,13
seediv,SEED-IV,dms_sgpan,116,524,-1.1493698358535767,-16.69805908203125,2,Fear,2,1,13
seediv,SEED-IV,dms_sgpan,117,525,-1.1793277263641357,-16.69539451599121,2,Fear,2,1,13
seediv,SEED-IV,dms_sgpan,118,531,-1.4703811407089233,-16.63228988647461,2,Fear,2,1,13
seediv,SEED-IV,dms_sgpan,119,537,-1.5312188863754272,-16.187767028808594,2,Fear,2,1,13
seediv,SEED-IV,dms_sgpan,120,540,-1.593505620956421,-16.179306030273438,2,Fear,2,1,13
seediv,SEED-IV,dms_sgpan,121,541,-1.6044988632202148,-16.1892147064209,2,Fear,2,1,13
seediv,SEED-IV,dms_sgpan,122,545,-2.101038932800293,-16.514404296875,2,Fear,2,1,13
seediv,SEED-IV,dms_sgpan,123,547,-2.032266616821289,-16.552200317382812,2,Fear,2,1,13
seediv,SEED-IV,dms_sgpan,124,550,-1.8740895986557007,-16.506834030151367,2,Fear,2,1,13
seediv,SEED-IV,dms_sgpan,125,552,-2.283417224884033,-16.727109909057617,2,Fear,2,1,13
seediv,SEED-IV,dms_sgpan,126,555,-2.33168625831604,-16.826902389526367,2,Fear,2,1,13
seediv,SEED-IV,dms_sgpan,127,557,-2.3046505451202393,-16.930007934570312,2,Fear,2,1,13
seediv,SEED-IV,dms_sgpan,128,558,-2.233567237854004,-16.996726989746094,2,Fear,2,1,13
seediv,SEED-IV,dms_sgpan,129,568,-1.7278375625610352,-17.24427032470703,2,Fear,2,1,13
seediv,SEED-IV,dms_sgpan,130,569,-1.6602556705474854,-17.240474700927734,2,Fear,2,1,13
seediv,SEED-IV,dms_sgpan,131,571,-1.567677617073059,-17.236446380615234,2,Fear,2,1,13
seediv,SEED-IV,dms_sgpan,132,576,0.03833526745438576,-4.390296936035156,3,Happy,3,1,13
seediv,SEED-IV,dms_sgpan,133,578,0.05978436768054962,-4.381765365600586,3,Happy,3,1,13
seediv,SEED-IV,dms_sgpan,134,584,0.24967026710510254,-4.2084269523620605,3,Happy,3,1,13
seediv,SEED-IV,dms_sgpan,135,589,0.3939090669155121,-4.147243976593018,3,Happy,3,1,13
seediv,SEED-IV,dms_sgpan,136,594,0.566431999206543,-4.242045879364014,3,Happy,3,1,13
seediv,SEED-IV,dms_sgpan,137,595,0.5754269957542419,-4.279008388519287,3,Happy,3,1,13
seediv,SEED-IV,dms_sgpan,138,598,0.5789558291435242,-4.443693161010742,3,Happy,3,1,13
seediv,SEED-IV,dms_sgpan,139,600,0.5489662289619446,-4.615692615509033,3,Happy,3,1,13
seediv,SEED-IV,dms_sgpan,140,602,0.4545770585536957,-4.714193820953369,3,Happy,3,1,13
seediv,SEED-IV,dms_sgpan,141,604,0.2933579683303833,-4.760432243347168,3,Happy,3,1,13
seediv,SEED-IV,dms_sgpan,142,606,0.30945679545402527,-4.798165798187256,3,Happy,3,1,13
seediv,SEED-IV,dms_sgpan,143,607,0.297367662191391,-4.801142692565918,3,Happy,3,1,13
seediv,SEED-IV,dms_sgpan,144,611,-1.4013780355453491,-13.274907112121582,2,Fear,2,1,13
seediv,SEED-IV,dms_sgpan,145,612,-1.4044163227081299,-13.27061653137207,2,Fear,2,1,13
seediv,SEED-IV,dms_sgpan,146,615,-1.4208770990371704,-13.233903884887695,2,Fear,2,1,13
seediv,SEED-IV,dms_sgpan,147,620,-1.5079509019851685,-13.142940521240234,2,Fear,2,1,13
seediv,SEED-IV,dms_sgpan,148,622,-1.5525819063186646,-13.082304000854492,2,Fear,2,1,13
seediv,SEED-IV,dms_sgpan,149,626,-1.6090885400772095,-13.026626586914062,2,Fear,2,1,13
seediv,SEED-IV,dms_sgpan,150,630,-2.018381357192993,-15.569037437438965,2,Fear,2,1,13
seediv,SEED-IV,dms_sgpan,151,638,-2.1314070224761963,-15.564261436462402,2,Fear,2,1,13
seediv,SEED-IV,dms_sgpan,152,645,-2.3993937969207764,-15.482912063598633,2,Fear,2,1,13
seediv,SEED-IV,dms_sgpan,153,650,-2.703883171081543,-15.484846115112305,2,Fear,2,1,13
seediv,SEED-IV,dms_sgpan,154,657,-2.8431830406188965,-15.616801261901855,2,Fear,2,1,13
seediv,SEED-IV,dms_sgpan,155,661,-2.8570656776428223,-15.701351165771484,2,Fear,2,1,13
seediv,SEED-IV,dms_sgpan,156,667,-2.839186906814575,-15.713010787963867,2,Fear,2,1,13
seediv,SEED-IV,dms_sgpan,157,670,-2.7913029193878174,-15.675479888916016,2,Fear,2,1,13
seediv,SEED-IV,dms_sgpan,158,671,-1.2524914741516113,-3.470621109008789,3,Happy,3,1,13
seediv,SEED-IV,dms_sgpan,159,675,-1.2504907846450806,-3.454153537750244,3,Happy,3,1,13
seediv,SEED-IV,dms_sgpan,160,681,-1.2424275875091553,-3.2787933349609375,3,Happy,3,1,13
seediv,SEED-IV,dms_sgpan,161,686,-1.2240686416625977,-2.8680410385131836,3,Happy,3,1,13
seediv,SEED-IV,dms_sgpan,162,688,-1.2426410913467407,-2.7173068523406982,3,Happy,3,1,13
seediv,SEED-IV,dms_sgpan,163,692,-1.2440468072891235,-2.4741952419281006,3,Happy,3,1,13
seediv,SEED-IV,dms_sgpan,164,693,-1.2243285179138184,-2.4197404384613037,3,Happy,3,1,13
seediv,SEED-IV,dms_sgpan,165,697,-1.1894819736480713,-2.2595150470733643,3,Happy,3,1,13
seediv,SEED-IV,dms_sgpan,166,698,-1.1870797872543335,-2.2330737113952637,3,Happy,3,1,13
seediv,SEED-IV,dms_sgpan,167,700,-1.176536202430725,-2.1717355251312256,3,Happy,3,1,13
seediv,SEED-IV,dms_sgpan,168,702,-1.156083106994629,-2.1390748023986816,3,Happy,3,1,13
seediv,SEED-IV,dms_sgpan,169,708,1.1940118074417114,-16.46099853515625,3,Happy,2,0,13
seediv,SEED-IV,dms_sgpan,170,714,1.1827538013458252,-16.45047378540039,3,Happy,2,0,13
seediv,SEED-IV,dms_sgpan,171,718,-2.0146493911743164,0.5352739691734314,0,Neutral,0,1,13
seediv,SEED-IV,dms_sgpan,172,724,-2.016331195831299,0.5588533878326416,0,Neutral,0,1,13
seediv,SEED-IV,dms_sgpan,173,736,-2.0294249057769775,0.6374621987342834,0,Neutral,0,1,13
seediv,SEED-IV,dms_sgpan,174,740,-2.030991315841675,0.6429029703140259,0,Neutral,0,1,13
seediv,SEED-IV,dms_sgpan,175,741,-2.0316569805145264,0.6476293206214905,0,Neutral,0,1,13
seediv,SEED-IV,dms_sgpan,176,744,-2.0331947803497314,0.6539625525474548,0,Neutral,0,1,13
seediv,SEED-IV,dms_sgpan,177,750,7.7474141120910645,-0.04025847092270851,3,Happy,3,1,13
seediv,SEED-IV,dms_sgpan,178,760,7.759565830230713,-0.06468751281499863,3,Happy,3,1,13
seediv,SEED-IV,dms_sgpan,179,764,7.765437602996826,-0.06747737526893616,3,Happy,3,1,13
seediv,SEED-IV,dms_sgpan,180,771,7.640689849853516,-0.024164995178580284,3,Happy,3,1,13
seediv,SEED-IV,dms_sgpan,181,773,7.622985363006592,-0.017602264881134033,3,Happy,3,1,13
seediv,SEED-IV,dms_sgpan,182,777,2.039937973022461,-3.578169584274292,0,Neutral,3,0,13
seediv,SEED-IV,dms_sgpan,183,778,2.02508807182312,-3.582947254180908,0,Neutral,3,0,13
seediv,SEED-IV,dms_sgpan,184,782,2.0628280639648438,-3.5543367862701416,0,Neutral,3,0,13
seediv,SEED-IV,dms_sgpan,185,790,2.7597851753234863,7.5798773765563965,0,Neutral,0,1,13
seediv,SEED-IV,dms_sgpan,186,791,2.7867608070373535,7.7034735679626465,0,Neutral,0,1,13
seediv,SEED-IV,dms_sgpan,187,795,2.885814666748047,8.116143226623535,0,Neutral,0,1,13
seediv,SEED-IV,dms_sgpan,188,799,3.012788772583008,8.658809661865234,0,Neutral,0,1,13
seediv,SEED-IV,dms_sgpan,189,806,3.1543030738830566,9.261043548583984,0,Neutral,0,1,13
seediv,SEED-IV,dms_sgpan,190,808,3.265148162841797,9.365198135375977,0,Neutral,0,1,13
seediv,SEED-IV,dms_sgpan,191,812,3.4574124813079834,9.534406661987305,0,Neutral,0,1,13
seediv,SEED-IV,dms_sgpan,192,813,3.1691248416900635,9.580231666564941,0,Neutral,0,1,13
seediv,SEED-IV,dms_sgpan,193,827,-2.3539047241210938,-11.259132385253906,3,Happy,2,0,13
seediv,SEED-IV,dms_sgpan,194,828,-2.350867986679077,-11.27324104309082,3,Happy,2,0,13
seediv,SEED-IV,dms_sgpan,195,830,-2.3438894748687744,-11.298905372619629,3,Happy,2,0,13
seediv,SEED-IV,dms_sgpan,196,833,-2.330561637878418,-11.34555435180664,3,Happy,2,0,13
seediv,SEED-IV,dms_sgpan,197,840,-2.3036909103393555,-11.420754432678223,3,Happy,2,0,13
seediv,SEED-IV,dms_sgpan,198,842,-2.298759937286377,-11.42935562133789,3,Happy,2,0,13
seediv,SEED-IV,dms_sgpan,199,849,-2.2892680168151855,-11.399703979492188,3,Happy,2,0,13
seedv,SEED-V,raw,0,10,-9.843585014343262,12.021003723144531,4,Happy,1,0,13
seedv,SEED-V,raw,1,36,-10.13635540008545,11.807464599609375,4,Happy,1,0,13
seedv,SEED-V,raw,2,47,-10.272502899169922,11.715940475463867,4,Happy,1,0,13
seedv,SEED-V,raw,3,60,-10.374360084533691,11.642446517944336,4,Happy,1,0,13
seedv,SEED-V,raw,4,71,-10.39030933380127,11.62489128112793,4,Happy,1,0,13
seedv,SEED-V,raw,5,72,-3.0010910034179688,14.135943412780762,1,Fear,1,1,13
seedv,SEED-V,raw,6,89,-3.545663833618164,14.027432441711426,1,Fear,1,1,13
seedv,SEED-V,raw,7,92,-3.6309854984283447,14.010037422180176,1,Fear,1,1,13
seedv,SEED-V,raw,8,104,-3.704052686691284,14.003735542297363,1,Fear,1,1,13
seedv,SEED-V,raw,9,122,-3.8704352378845215,13.987076759338379,1,Fear,1,1,13
seedv,SEED-V,raw,10,167,-4.200984954833984,13.967328071594238,1,Fear,1,1,13
seedv,SEED-V,raw,11,184,6.052177906036377,5.766732215881348,3,Neutral,3,1,13
seedv,SEED-V,raw,12,187,5.761828899383545,5.697057247161865,3,Neutral,3,1,13
seedv,SEED-V,raw,13,190,5.789238452911377,5.593777656555176,3,Neutral,3,1,13
seedv,SEED-V,raw,14,191,6.044826507568359,5.541259765625,3,Neutral,3,1,13
seedv,SEED-V,raw,15,197,5.860286712646484,5.277621269226074,3,Neutral,3,1,13
seedv,SEED-V,raw,16,217,6.177322864532471,4.797908782958984,3,Neutral,3,1,13
seedv,SEED-V,raw,17,231,5.146125793457031,4.6238532066345215,3,Neutral,3,1,13
seedv,SEED-V,raw,18,232,5.288595676422119,4.34797477722168,3,Neutral,3,1,13
seedv,SEED-V,raw,19,233,5.294600963592529,4.285478115081787,3,Neutral,3,1,13
seedv,SEED-V,raw,20,241,4.495553016662598,4.2923126220703125,3,Neutral,3,1,13
seedv,SEED-V,raw,21,248,3.8464951515197754,4.162276268005371,3,Neutral,3,1,13
seedv,SEED-V,raw,22,261,4.323060035705566,3.8214826583862305,3,Neutral,3,1,13
seedv,SEED-V,raw,23,262,4.547759532928467,3.5996835231781006,3,Neutral,3,1,13
seedv,SEED-V,raw,24,279,4.6682353019714355,3.232043504714966,3,Neutral,3,1,13
seedv,SEED-V,raw,25,287,4.253050804138184,3.102163076400757,3,Neutral,3,1,13
seedv,SEED-V,raw,26,290,3.549746513366699,3.53037691116333,3,Neutral,3,1,13
seedv,SEED-V,raw,27,292,3.2883079051971436,3.6798532009124756,3,Neutral,3,1,13
seedv,SEED-V,raw,28,299,3.6255762577056885,3.2300655841827393,3,Neutral,3,1,13
seedv,SEED-V,raw,29,303,3.271655321121216,3.313401937484741,3,Neutral,3,1,13
seedv,SEED-V,raw,30,307,3.73173451423645,2.7940502166748047,3,Neutral,3,1,13
seedv,SEED-V,raw,31,310,3.880805730819702,2.6425540447235107,3,Neutral,3,1,13
seedv,SEED-V,raw,32,326,3.285837173461914,2.59798264503479,3,Neutral,3,1,13
seedv,SEED-V,raw,33,346,2.5992703437805176,2.5396573543548584,3,Neutral,3,1,13
seedv,SEED-V,raw,34,347,2.495234489440918,2.55087947845459,3,Neutral,3,1,13
seedv,SEED-V,raw,35,359,1.4646233320236206,2.431947708129883,3,Neutral,3,1,13
seedv,SEED-V,raw,36,362,1.124977469444275,2.373364210128784,3,Neutral,3,1,13
seedv,SEED-V,raw,37,383,0.39217230677604675,2.246856451034546,3,Neutral,3,1,13
seedv,SEED-V,raw,38,394,0.2993606925010681,2.226837158203125,3,Neutral,3,1,13
seedv,SEED-V,raw,39,425,9.530933380126953,4.373321056365967,2,Sad,2,1,13
seedv,SEED-V,raw,40,427,9.50011157989502,4.356149673461914,2,Sad,2,1,13
seedv,SEED-V,raw,41,449,8.54011344909668,3.8455069065093994,2,Sad,2,1,13
seedv,SEED-V,raw,42,461,8.270233154296875,3.7335267066955566,2,Sad,2,1,13
seedv,SEED-V,raw,43,491,-2.3815553188323975,3.2085533142089844,2,Sad,2,1,13
seedv,SEED-V,raw,44,492,-2.378969669342041,3.1990737915039062,2,Sad,2,1,13
seedv,SEED-V,raw,45,499,-2.426818370819092,3.2091469764709473,2,Sad,2,1,13
seedv,SEED-V,raw,46,562,8.130697250366211,3.0241832733154297,2,Sad,2,1,13
seedv,SEED-V,raw,47,591,8.15383529663086,2.700605869293213,2,Sad,2,1,13
seedv,SEED-V,raw,48,597,-4.4722771644592285,11.279702186584473,0,Disgust,4,0,13
seedv,SEED-V,raw,49,602,-4.58311653137207,11.215758323669434,0,Disgust,4,0,13
seedv,SEED-V,raw,50,623,-4.931434631347656,10.927278518676758,0,Disgust,4,0,13
seedv,SEED-V,raw,51,631,-5.133981227874756,10.730061531066895,0,Disgust,4,0,13
seedv,SEED-V,raw,52,632,-5.271988868713379,10.7931547164917,0,Disgust,4,0,13
seedv,SEED-V,raw,53,641,-5.518029689788818,10.677682876586914,0,Disgust,4,0,13
seedv,SEED-V,raw,54,655,-5.610774993896484,10.15079402923584,0,Disgust,4,0,13
seedv,SEED-V,raw,55,659,-5.98793363571167,10.17737102508545,0,Disgust,4,0,13
seedv,SEED-V,raw,56,660,-6.064003944396973,10.09343433380127,0,Disgust,4,0,13
seedv,SEED-V,raw,57,662,-6.0446367263793945,9.810203552246094,0,Disgust,4,0,13
seedv,SEED-V,raw,58,664,-6.193756103515625,9.74998664855957,0,Disgust,4,0,13
seedv,SEED-V,raw,59,690,-7.0248942375183105,8.85629940032959,0,Disgust,4,0,13
seedv,SEED-V,raw,60,710,-7.055991172790527,9.115829467773438,0,Disgust,4,0,13
seedv,SEED-V,raw,61,711,-7.113273620605469,9.082857131958008,0,Disgust,4,0,13
seedv,SEED-V,raw,62,715,-7.212840557098389,8.946673393249512,0,Disgust,4,0,13
seedv,SEED-V,raw,63,735,-7.830600261688232,8.467175483703613,0,Disgust,4,0,13
seedv,SEED-V,raw,64,737,-7.902650833129883,8.410393714904785,0,Disgust,4,0,13
seedv,SEED-V,raw,65,755,-0.4829832911491394,8.74610424041748,4,Happy,4,1,13
seedv,SEED-V,raw,66,762,-0.5925602316856384,8.591409683227539,4,Happy,4,1,13
seedv,SEED-V,raw,67,763,-0.6558697819709778,8.507612228393555,4,Happy,4,1,13
seedv,SEED-V,raw,68,765,-0.8377517461776733,8.423933982849121,4,Happy,4,1,13
seedv,SEED-V,raw,69,767,-0.8351689577102661,8.381463050842285,4,Happy,4,1,13
seedv,SEED-V,raw,70,782,-1.4351251125335693,7.798861980438232,4,Happy,4,1,13
seedv,SEED-V,raw,71,794,-2.0821480751037598,7.354011058807373,4,Happy,4,1,13
seedv,SEED-V,raw,72,797,-1.993171215057373,6.977471351623535,4,Happy,4,1,13
seedv,SEED-V,raw,73,798,-1.9872522354125977,7.1062397956848145,4,Happy,4,1,13
seedv,SEED-V,raw,74,800,-2.444287061691284,7.23946475982666,4,Happy,4,1,13
seedv,SEED-V,raw,75,805,-2.753340482711792,7.117616653442383,4,Happy,4,1,13
seedv,SEED-V,raw,76,824,-2.895230531692505,6.717503070831299,4,Happy,4,1,13
seedv,SEED-V,raw,77,830,-3.3210208415985107,6.745778560638428,4,Happy,4,1,13
seedv,SEED-V,raw,78,844,-3.6376845836639404,6.396368503570557,4,Happy,4,1,13
seedv,SEED-V,raw,79,859,-3.2207095623016357,6.234415531158447,4,Happy,4,1,13
seedv,SEED-V,raw,80,862,-3.4939351081848145,6.150500297546387,4,Happy,4,1,13
seedv,SEED-V,raw,81,869,-2.7120048999786377,6.053202152252197,4,Happy,4,1,13
seedv,SEED-V,raw,82,880,-2.783125877380371,5.693417072296143,4,Happy,4,1,13
seedv,SEED-V,raw,83,882,-2.922433376312256,5.615610122680664,4,Happy,4,1,13
seedv,SEED-V,raw,84,894,-3.3974990844726562,5.558707237243652,4,Happy,4,1,13
seedv,SEED-V,raw,85,914,-3.752486228942871,4.928231716156006,4,Happy,4,1,13
seedv,SEED-V,raw,86,918,-4.057740211486816,4.870565891265869,4,Happy,4,1,13
seedv,SEED-V,raw,87,932,-3.76830792427063,4.767397403717041,4,Happy,4,1,13
seedv,SEED-V,raw,88,958,-4.450006008148193,3.9488706588745117,4,Happy,4,1,13
seedv,SEED-V,raw,89,968,-4.532891273498535,3.7933151721954346,4,Happy,4,1,13
seedv,SEED-V,raw,90,975,-4.745058536529541,3.9043514728546143,4,Happy,4,1,13
seedv,SEED-V,raw,91,978,-4.728515625,3.9975643157958984,4,Happy,4,1,13
seedv,SEED-V,raw,92,988,-4.721740245819092,3.765903949737549,4,Happy,4,1,13
seedv,SEED-V,raw,93,1007,-5.189854621887207,12.215231895446777,1,Fear,1,1,13
seedv,SEED-V,raw,94,1042,-10.202412605285645,6.559239387512207,1,Fear,1,1,13
seedv,SEED-V,raw,95,1065,-10.54326343536377,6.3752217292785645,1,Fear,1,1,13
seedv,SEED-V,raw,96,1075,-10.947417259216309,6.333124160766602,1,Fear,1,1,13
seedv,SEED-V,raw,97,1077,-10.975385665893555,6.07122802734375,1,Fear,1,1,13
seedv,SEED-V,raw,98,1087,-11.281256675720215,5.806710720062256,1,Fear,1,1,13
seedv,SEED-V,raw,99,1094,-11.428199768066406,5.851230621337891,1,Fear,1,1,13
seedv,SEED-V,raw,100,1098,-11.651468276977539,5.86777400970459,1,Fear,1,1,13
seedv,SEED-V,raw,101,1112,-11.703906059265137,6.42469596862793,1,Fear,1,1,13
seedv,SEED-V,raw,102,1120,-11.724943161010742,6.387917518615723,1,Fear,1,1,13
seedv,SEED-V,raw,103,1122,-11.565319061279297,6.556299686431885,1,Fear,1,1,13
seedv,SEED-V,raw,104,1134,-12.391066551208496,5.771739959716797,1,Fear,1,1,13
seedv,SEED-V,raw,105,1143,-13.072602272033691,6.103056907653809,1,Fear,1,1,13
seedv,SEED-V,raw,106,1148,-12.860987663269043,5.96652364730835,1,Fear,1,1,13
seedv,SEED-V,raw,107,1160,-13.300524711608887,5.615279197692871,1,Fear,1,1,13
seedv,SEED-V,raw,108,1171,-13.960973739624023,5.544299125671387,1,Fear,1,1,13
seedv,SEED-V,raw,109,1180,-14.178772926330566,5.4851484298706055,1,Fear,1,1,13
seedv,SEED-V,raw,110,1184,-14.028478622436523,5.711703777313232,1,Fear,1,1,13
seedv,SEED-V,raw,111,1194,-14.771607398986816,5.412954807281494,1,Fear,1,1,13
seedv,SEED-V,raw,112,1206,-15.018086433410645,5.692135810852051,1,Fear,1,1,13
seedv,SEED-V,raw,113,1217,-14.770833015441895,6.0168256759643555,1,Fear,1,1,13
seedv,SEED-V,raw,114,1222,-14.738225936889648,6.202878952026367,1,Fear,1,1,13
seedv,SEED-V,raw,115,1239,-14.633133888244629,6.419809341430664,1,Fear,1,1,13
seedv,SEED-V,raw,116,1257,-14.149267196655273,6.645788669586182,1,Fear,1,1,13
seedv,SEED-V,raw,117,1288,-13.839814186096191,6.982324600219727,1,Fear,1,1,13
seedv,SEED-V,raw,118,1290,-13.842558860778809,6.999514102935791,1,Fear,1,1,13
seedv,SEED-V,raw,119,1299,15.608131408691406,0.7584032416343689,3,Neutral,3,1,13
seedv,SEED-V,raw,120,1305,15.565376281738281,0.6287968754768372,3,Neutral,3,1,13
seedv,SEED-V,raw,121,1307,15.572333335876465,0.6438522934913635,3,Neutral,3,1,13
seedv,SEED-V,raw,122,1342,15.183388710021973,-0.20252472162246704,3,Neutral,3,1,13
seedv,SEED-V,raw,123,1344,15.180170059204102,-0.17254312336444855,3,Neutral,3,1,13
seedv,SEED-V,raw,124,1349,15.092510223388672,-0.3477945923805237,3,Neutral,3,1,13
seedv,SEED-V,raw,125,1360,14.958970069885254,-0.7362978458404541,3,Neutral,3,1,13
seedv,SEED-V,raw,126,1361,14.96208667755127,-0.7425394654273987,3,Neutral,3,1,13
seedv,SEED-V,raw,127,1362,14.929723739624023,-0.8025351166725159,3,Neutral,3,1,13
seedv,SEED-V,raw,128,1364,14.821786880493164,3.875382423400879,2,Sad,2,1,13
seedv,SEED-V,raw,129,1389,14.178712844848633,3.722715377807617,2,Sad,2,1,13
seedv,SEED-V,raw,130,1394,14.010724067687988,3.963890552520752,2,Sad,2,1,13
seedv,SEED-V,raw,131,1396,13.9126558303833,3.6949517726898193,2,Sad,2,1,13
seedv,SEED-V,raw,132,1401,13.712968826293945,3.5343129634857178,2,Sad,2,1,13
seedv,SEED-V,raw,133,1414,13.486522674560547,4.021266460418701,2,Sad,2,1,13
seedv,SEED-V,raw,134,1420,13.316120147705078,3.6312015056610107,2,Sad,2,1,13
seedv,SEED-V,raw,135,1438,13.13242244720459,3.810405969619751,2,Sad,2,1,13
seedv,SEED-V,raw,136,1461,12.661365509033203,4.0019917488098145,2,Sad,2,1,13
seedv,SEED-V,raw,137,1462,12.710442543029785,4.018060684204102,2,Sad,2,1,13
seedv,SEED-V,raw,138,1482,12.070706367492676,3.845076322555542,2,Sad,2,1,13
seedv,SEED-V,raw,139,1492,12.193727493286133,3.8609886169433594,2,Sad,2,1,13
seedv,SEED-V,raw,140,1528,8.294014930725098,0.38752028346061707,2,Sad,2,1,13
seedv,SEED-V,raw,141,1551,7.473160266876221,-0.06679648905992508,2,Sad,2,1,13
seedv,SEED-V,raw,142,1552,7.310306549072266,-0.20751121640205383,2,Sad,2,1,13
seedv,SEED-V,raw,143,1561,7.335299491882324,-0.5599013566970825,2,Sad,2,1,13
seedv,SEED-V,raw,144,1564,7.408541202545166,-0.539402961730957,2,Sad,2,1,13
seedv,SEED-V,raw,145,1574,7.881706237792969,-0.2765459418296814,2,Sad,2,1,13
seedv,SEED-V,raw,146,1575,7.8373517990112305,-0.3197976052761078,2,Sad,2,1,13
seedv,SEED-V,raw,147,1591,8.140267372131348,-0.3179575204849243,2,Sad,2,1,13
seedv,SEED-V,raw,148,1612,8.102310180664062,-0.8529723882675171,2,Sad,2,1,13
seedv,SEED-V,raw,149,1623,7.948099136352539,-0.9277907609939575,2,Sad,2,1,13
seedv,SEED-V,raw,150,1628,3.187156915664673,-14.352670669555664,0,Disgust,0,1,13
seedv,SEED-V,raw,151,1666,2.662797689437866,-14.026310920715332,0,Disgust,0,1,13
seedv,SEED-V,raw,152,1668,2.6475954055786133,-13.846278190612793,0,Disgust,0,1,13
seedv,SEED-V,raw,153,1671,2.5501596927642822,-13.893182754516602,0,Disgust,0,1,13
seedv,SEED-V,raw,154,1676,2.177659273147583,-14.07291030883789,0,Disgust,0,1,13
seedv,SEED-V,raw,155,1678,2.156442642211914,-13.570627212524414,0,Disgust,0,1,13
seedv,SEED-V,raw,156,1685,1.9367241859436035,-13.57064437866211,0,Disgust,0,1,13
seedv,SEED-V,raw,157,1697,1.670227289199829,-13.77894115447998,0,Disgust,0,1,13
seedv,SEED-V,raw,158,1708,1.4650957584381104,-14.087428092956543,0,Disgust,0,1,13
seedv,SEED-V,raw,159,1733,0.8317646384239197,-13.728047370910645,0,Disgust,0,1,13
seedv,SEED-V,raw,160,1734,0.8555848598480225,-13.346782684326172,0,Disgust,0,1,13
seedv,SEED-V,raw,161,1738,0.6877764463424683,-14.049089431762695,0,Disgust,0,1,13
seedv,SEED-V,raw,162,1746,0.5734047889709473,-13.319869041442871,0,Disgust,0,1,13
seedv,SEED-V,raw,163,1748,0.3754197955131531,-14.00792121887207,0,Disgust,0,1,13
seedv,SEED-V,raw,164,1753,0.15923143923282623,-13.336759567260742,0,Disgust,0,1,13
seedv,SEED-V,raw,165,1759,0.010094981640577316,-13.553328514099121,0,Disgust,0,1,13
seedv,SEED-V,raw,166,1765,-0.028661048039793968,-13.772507667541504,0,Disgust,0,1,13
seedv,SEED-V,raw,167,1771,-3.4292185306549072,-10.642951965332031,4,Happy,4,1,13
seedv,SEED-V,raw,168,1777,-3.5561108589172363,-10.584543228149414,4,Happy,4,1,13
seedv,SEED-V,raw,169,1784,-3.6030261516571045,-10.571846961975098,4,Happy,4,1,13
seedv,SEED-V,raw,170,1794,-4.099419593811035,-10.415544509887695,4,Happy,4,1,13
seedv,SEED-V,raw,171,1799,-4.028895854949951,-10.11356258392334,4,Happy,4,1,13
seedv,SEED-V,raw,172,1800,-4.0260443687438965,-10.113632202148438,4,Happy,4,1,13
seedv,SEED-V,raw,173,1826,-4.804468154907227,-9.995062828063965,4,Happy,4,1,13
seedv,SEED-V,raw,174,1827,-4.576480865478516,-9.607819557189941,4,Happy,4,1,13
seedv,SEED-V,raw,175,1830,-4.949438571929932,-9.94504451751709,4,Happy,4,1,13
seedv,SEED-V,raw,176,1844,-4.974327087402344,-9.32601261138916,4,Happy,4,1,13
seedv,SEED-V,raw,177,1847,-5.373068809509277,-9.735873222351074,4,Happy,4,1,13
seedv,SEED-V,raw,178,1858,-5.302831172943115,-9.123456001281738,4,Happy,4,1,13
seedv,SEED-V,raw,179,1864,-5.686831474304199,-9.510869979858398,4,Happy,4,1,13
seedv,SEED-V,raw,180,1892,-6.1230387687683105,-9.088539123535156,4,Happy,4,1,13
seedv,SEED-V,raw,181,1893,-5.925509929656982,-8.80386734008789,4,Happy,4,1,13
seedv,SEED-V,raw,182,1924,-6.096775531768799,-9.020977973937988,4,Happy,4,1,13
seedv,SEED-V,raw,183,1925,-5.794453144073486,-8.745268821716309,4,Happy,4,1,13
seedv,SEED-V,raw,184,1942,11.705965042114258,-11.561037063598633,1,Fear,1,1,13
seedv,SEED-V,raw,185,1953,11.34624195098877,-11.42941951751709,1,Fear,1,1,13
seedv,SEED-V,raw,186,1954,11.308703422546387,-11.406225204467773,1,Fear,1,1,13
seedv,SEED-V,raw,187,1958,11.174522399902344,-11.748601913452148,1,Fear,1,1,13
seedv,SEED-V,raw,188,1971,10.78899097442627,-11.682650566101074,1,Fear,1,1,13
seedv,SEED-V,raw,189,1973,10.75083065032959,-11.368924140930176,1,Fear,1,1,13
seedv,SEED-V,raw,190,1974,10.720491409301758,-11.325814247131348,1,Fear,1,1,13
seedv,SEED-V,raw,191,1984,10.24940013885498,-11.378246307373047,1,Fear,1,1,13
seedv,SEED-V,raw,192,1998,9.661094665527344,-11.285852432250977,1,Fear,1,1,13
seedv,SEED-V,raw,193,2017,8.6793212890625,-11.101086616516113,1,Fear,1,1,13
seedv,SEED-V,raw,194,2042,8.11409854888916,-10.779088020324707,1,Fear,1,1,13
seedv,SEED-V,raw,195,2046,8.101827621459961,-10.778096199035645,1,Fear,1,1,13
seedv,SEED-V,raw,196,2075,7.556193828582764,-10.650932312011719,1,Fear,1,1,13
seedv,SEED-V,raw,197,2083,7.485317707061768,-11.111656188964844,1,Fear,1,1,13
seedv,SEED-V,raw,198,2089,7.379220962524414,-11.1323823928833,1,Fear,1,1,13
seedv,SEED-V,raw,199,2091,7.277736663818359,-11.023463249206543,1,Fear,1,1,13
seedv,SEED-V,raw,200,2097,7.138451099395752,-10.768939018249512,1,Fear,1,1,13
seedv,SEED-V,raw,201,2108,7.061284065246582,-10.580623626708984,1,Fear,1,1,13
seedv,SEED-V,raw,202,2143,12.644190788269043,1.3655699491500854,3,Neutral,3,1,13
seedv,SEED-V,raw,203,2147,12.457039833068848,1.2408766746520996,3,Neutral,3,1,13
seedv,SEED-V,raw,204,2149,12.399853706359863,1.1943473815917969,3,Neutral,3,1,13
seedv,SEED-V,raw,205,2176,11.83746337890625,0.8378089070320129,3,Neutral,3,1,13
seedv,SEED-V,raw,206,2180,11.774918556213379,0.8523330092430115,3,Neutral,3,1,13
seedv,SEED-V,raw,207,2183,11.686948776245117,0.8668453693389893,3,Neutral,3,1,13
seedv,SEED-V,raw,208,2196,11.064778327941895,0.4757625460624695,3,Neutral,3,1,13
seedv,SEED-V,raw,209,2208,10.809484481811523,0.26762357354164124,3,Neutral,3,1,13
seedv,SEED-V,raw,210,2215,10.86015796661377,0.3394491672515869,3,Neutral,3,1,13
seedv,SEED-V,raw,211,2253,10.049972534179688,-0.2320934385061264,3,Neutral,3,1,13
seedv,SEED-V,raw,212,2260,9.961735725402832,-0.3147870600223541,3,Neutral,3,1,13
seedv,SEED-V,raw,213,2316,9.607185363769531,-0.8826098442077637,3,Neutral,3,1,13
seedv,SEED-V,raw,214,2329,9.572073936462402,-0.9688923358917236,3,Neutral,3,1,13
seedv,SEED-V,raw,215,2348,11.842260360717773,-10.077383041381836,2,Sad,2,1,13
seedv,SEED-V,raw,216,2369,11.364396095275879,-9.214694023132324,2,Sad,2,1,13
seedv,SEED-V,raw,217,2389,11.173343658447266,-8.836018562316895,2,Sad,2,1,13
seedv,SEED-V,raw,218,2397,10.916193008422852,-8.602333068847656,2,Sad,2,1,13
seedv,SEED-V,raw,219,2407,10.68748950958252,-8.625005722045898,2,Sad,2,1,13
seedv,SEED-V,raw,220,2408,10.626607894897461,-8.695501327514648,2,Sad,2,1,13
seedv,SEED-V,raw,221,2422,10.377154350280762,-8.560811042785645,2,Sad,2,1,13
seedv,SEED-V,raw,222,2433,10.09837818145752,-8.299286842346191,2,Sad,2,1,13
seedv,SEED-V,raw,223,2445,9.825257301330566,-8.434627532958984,2,Sad,2,1,13
seedv,SEED-V,raw,224,2461,9.235932350158691,-8.243358612060547,2,Sad,2,1,13
seedv,SEED-V,raw,225,2502,7.902355194091797,-8.070647239685059,2,Sad,2,1,13
seedv,SEED-V,raw,226,2522,7.663398742675781,-7.810044765472412,2,Sad,2,1,13
seedv,SEED-V,raw,227,2524,7.934909820556641,-7.837708950042725,2,Sad,0,0,13
seedv,SEED-V,raw,228,2537,7.517404556274414,-7.595503330230713,2,Sad,0,0,13
seedv,SEED-V,raw,229,2562,8.017026901245117,-7.159877777099609,2,Sad,0,0,13
seedv,SEED-V,raw,230,2567,7.792000770568848,-7.157001495361328,2,Sad,0,0,13
seedv,SEED-V,raw,231,2570,8.032308578491211,-7.192066192626953,2,Sad,0,0,13
seedv,SEED-V,raw,232,2571,8.114002227783203,-7.246977806091309,2,Sad,0,0,13
seedv,SEED-V,raw,233,2578,7.564669609069824,-7.1241679191589355,2,Sad,0,0,13
seedv,SEED-V,raw,234,2591,-5.821696758270264,-1.3508234024047852,0,Disgust,1,0,13
seedv,SEED-V,raw,235,2594,-5.931887626647949,-1.3030481338500977,0,Disgust,1,0,13
seedv,SEED-V,raw,236,2602,-6.231564521789551,-1.1866403818130493,0,Disgust,4,0,13
seedv,SEED-V,raw,237,2616,-6.655079364776611,-1.099730372428894,0,Disgust,0,1,13
seedv,SEED-V,raw,238,2620,-6.597407341003418,-1.1166306734085083,0,Disgust,0,1,13
seedv,SEED-V,raw,239,2635,-7.141438007354736,-0.9564396142959595,0,Disgust,4,0,13
seedv,SEED-V,raw,240,2651,-7.584113597869873,-0.7031007409095764,0,Disgust,4,0,13
seedv,SEED-V,raw,241,2665,-7.963736534118652,-0.9248856902122498,0,Disgust,0,1,13
seedv,SEED-V,raw,242,2668,-8.028557777404785,-0.7213792204856873,0,Disgust,0,1,13
seedv,SEED-V,raw,243,2670,-8.051573753356934,-0.5265447497367859,0,Disgust,4,0,13
seedv,SEED-V,raw,244,2683,-8.565119743347168,-0.43558332324028015,0,Disgust,4,0,13
seedv,SEED-V,raw,245,2701,-8.78254222869873,-1.0551252365112305,0,Disgust,0,1,13
seedv,SEED-V,raw,246,2703,-8.829561233520508,-1.059117317199707,0,Disgust,0,1,13
seedv,SEED-V,raw,247,2724,-8.967230796813965,-0.5515018105506897,0,Disgust,4,0,13
seedv,SEED-V,raw,248,2728,-9.106622695922852,-0.6940563321113586,0,Disgust,4,0,13
seedv,SEED-V,raw,249,2737,-9.274374008178711,-0.5476877689361572,0,Disgust,4,0,13
seedv,SEED-V,dms_sgpan,0,10,4.791419506072998,1.1789486408233643,4,Happy,1,0,13
seedv,SEED-V,dms_sgpan,1,36,4.579122543334961,1.0243408679962158,4,Happy,1,0,13
seedv,SEED-V,dms_sgpan,2,47,4.654546737670898,1.0862455368041992,4,Happy,1,0,13
seedv,SEED-V,dms_sgpan,3,60,4.542262077331543,0.9684488773345947,4,Happy,1,0,13
seedv,SEED-V,dms_sgpan,4,71,4.405453681945801,0.805385410785675,4,Happy,1,0,13
seedv,SEED-V,dms_sgpan,5,72,4.276238918304443,1.7495462894439697,1,Fear,1,1,13
seedv,SEED-V,dms_sgpan,6,89,3.416980028152466,1.9643858671188354,1,Fear,1,1,13
seedv,SEED-V,dms_sgpan,7,92,3.404381513595581,1.9870692491531372,1,Fear,1,1,13
seedv,SEED-V,dms_sgpan,8,104,3.5323050022125244,1.9592007398605347,1,Fear,1,1,13
seedv,SEED-V,dms_sgpan,9,122,3.6159727573394775,2.029390335083008,1,Fear,1,1,13
seedv,SEED-V,dms_sgpan,10,167,2.3837718963623047,-0.254942923784256,1,Fear,1,1,13
seedv,SEED-V,dms_sgpan,11,184,-9.432392120361328,35.06386184692383,3,Neutral,3,1,13
seedv,SEED-V,dms_sgpan,12,187,-9.03134536743164,34.919429779052734,3,Neutral,3,1,13
seedv,SEED-V,dms_sgpan,13,190,-9.08914852142334,34.851890563964844,3,Neutral,3,1,13
seedv,SEED-V,dms_sgpan,14,191,-8.925230026245117,34.872962951660156,3,Neutral,3,1,13
seedv,SEED-V,dms_sgpan,15,197,-8.558485984802246,34.818241119384766,3,Neutral,3,1,13
seedv,SEED-V,dms_sgpan,16,217,-8.30538558959961,34.663211822509766,3,Neutral,3,1,13
seedv,SEED-V,dms_sgpan,17,231,-8.556053161621094,34.2970085144043,3,Neutral,3,1,13
seedv,SEED-V,dms_sgpan,18,232,-8.512420654296875,34.26907730102539,3,Neutral,3,1,13
seedv,SEED-V,dms_sgpan,19,233,-8.436266899108887,34.170169830322266,3,Neutral,3,1,13
seedv,SEED-V,dms_sgpan,20,241,-8.811771392822266,34.36948013305664,3,Neutral,3,1,13
seedv,SEED-V,dms_sgpan,21,248,-9.291463851928711,34.55156707763672,3,Neutral,3,1,13
seedv,SEED-V,dms_sgpan,22,261,-9.924506187438965,34.50143814086914,3,Neutral,3,1,13
seedv,SEED-V,dms_sgpan,23,262,-9.976402282714844,34.422733306884766,3,Neutral,3,1,13
seedv,SEED-V,dms_sgpan,24,279,-8.953142166137695,33.9351806640625,3,Neutral,3,1,13
seedv,SEED-V,dms_sgpan,25,287,-9.484820365905762,33.756507873535156,3,Neutral,3,1,13
seedv,SEED-V,dms_sgpan,26,290,-9.46871280670166,33.69975662231445,3,Neutral,3,1,13
seedv,SEED-V,dms_sgpan,27,292,-9.371245384216309,33.76578140258789,3,Neutral,3,1,13
seedv,SEED-V,dms_sgpan,28,299,-8.90005874633789,33.80815887451172,3,Neutral,3,1,13
seedv,SEED-V,dms_sgpan,29,303,-9.008269309997559,33.78366470336914,3,Neutral,3,1,13
seedv,SEED-V,dms_sgpan,30,307,-9.3049898147583,34.06269454956055,3,Neutral,3,1,13
seedv,SEED-V,dms_sgpan,31,310,-9.833979606628418,33.82362365722656,3,Neutral,3,1,13
seedv,SEED-V,dms_sgpan,32,326,-10.11033821105957,34.07221984863281,3,Neutral,3,1,13
seedv,SEED-V,dms_sgpan,33,346,-9.598726272583008,34.40241622924805,3,Neutral,3,1,13
seedv,SEED-V,dms_sgpan,34,347,-9.671528816223145,34.33857727050781,3,Neutral,3,1,13
seedv,SEED-V,dms_sgpan,35,359,-10.336230278015137,34.1259765625,3,Neutral,3,1,13
seedv,SEED-V,dms_sgpan,36,362,-10.281736373901367,34.101863861083984,3,Neutral,3,1,13
seedv,SEED-V,dms_sgpan,37,383,-9.224249839782715,33.5153694152832,3,Neutral,3,1,13
seedv,SEED-V,dms_sgpan,38,394,-9.86159896850586,34.58466720581055,3,Neutral,3,1,13
seedv,SEED-V,dms_sgpan,39,425,33.873138427734375,-4.158769607543945,2,Sad,2,1,13
seedv,SEED-V,dms_sgpan,40,427,34.30559158325195,-4.4084978103637695,2,Sad,2,1,13
seedv,SEED-V,dms_sgpan,41,449,34.15391540527344,-3.0885112285614014,2,Sad,2,1,13
seedv,SEED-V,dms_sgpan,42,461,34.12350845336914,-3.0615575313568115,2,Sad,2,1,13
seedv,SEED-V,dms_sgpan,43,491,36.161903381347656,-2.8207945823669434,2,Sad,2,1,13
seedv,SEED-V,dms_sgpan,44,492,36.17197036743164,-2.8074474334716797,2,Sad,2,1,13
seedv,SEED-V,dms_sgpan,45,499,36.17560577392578,-2.8044211864471436,2,Sad,2,1,13
seedv,SEED-V,dms_sgpan,46,562,35.91358184814453,-3.027714729309082,2,Sad,2,1,13
seedv,SEED-V,dms_sgpan,47,591,34.908203125,-3.8196871280670166,2,Sad,2,1,13
seedv,SEED-V,dms_sgpan,48,597,-14.811582565307617,-18.310129165649414,0,Disgust,4,0,13
seedv,SEED-V,dms_sgpan,49,602,-14.80710220336914,-18.307973861694336,0,Disgust,4,0,13
seedv,SEED-V,dms_sgpan,50,623,-13.824155807495117,-17.695680618286133,0,Disgust,4,0,13
seedv,SEED-V,dms_sgpan,51,631,-13.80211353302002,-17.647735595703125,0,Disgust,4,0,13
seedv,SEED-V,dms_sgpan,52,632,-13.797143936157227,-17.63174819946289,0,Disgust,4,0,13
seedv,SEED-V,dms_sgpan,53,641,-13.619217872619629,-17.346702575683594,0,Disgust,4,0,13
seedv,SEED-V,dms_sgpan,54,655,-13.236572265625,-17.033510208129883,0,Disgust,4,0,13
seedv,SEED-V,dms_sgpan,55,659,-13.33071517944336,-17.107858657836914,0,Disgust,4,0,13
seedv,SEED-V,dms_sgpan,56,660,-13.60692024230957,-17.282560348510742,0,Disgust,4,0,13
seedv,SEED-V,dms_sgpan,57,662,-14.01930046081543,-17.58662223815918,0,Disgust,4,0,13
seedv,SEED-V,dms_sgpan,58,664,-13.756449699401855,-17.2866268157959,0,Disgust,4,0,13
seedv,SEED-V,dms_sgpan,59,690,-14.524515151977539,-17.78386878967285,0,Disgust,4,0,13
seedv,SEED-V,dms_sgpan,60,710,-14.589152336120605,-17.992738723754883,0,Disgust,4,0,13
seedv,SEED-V,dms_sgpan,61,711,-14.572718620300293,-17.984060287475586,0,Disgust,4,0,13
seedv,SEED-V,dms_sgpan,62,715,-15.089111328125,-18.261028289794922,0,Disgust,4,0,13
seedv,SEED-V,dms_sgpan,63,735,-16.63001251220703,-18.701261520385742,0,Disgust,4,0,13
seedv,SEED-V,dms_sgpan,64,737,-16.75919532775879,-18.698823928833008,0,Disgust,4,0,13
seedv,SEED-V,dms_sgpan,65,755,-17.97871208190918,-17.185314178466797,4,Happy,4,1,13
seedv,SEED-V,dms_sgpan,66,762,-17.459701538085938,-17.11674690246582,4,Happy,4,1,13
seedv,SEED-V,dms_sgpan,67,763,-17.457992553710938,-16.934925079345703,4,Happy,4,1,13
seedv,SEED-V,dms_sgpan,68,765,-17.34099769592285,-16.803464889526367,4,Happy,4,1,13
seedv,SEED-V,dms_sgpan,69,767,-17.27619171142578,-16.721792221069336,4,Happy,4,1,13
seedv,SEED-V,dms_sgpan,70,782,-16.075698852539062,-16.081933975219727,4,Happy,4,1,13
seedv,SEED-V,dms_sgpan,71,794,-16.377521514892578,-16.3006649017334,4,Happy,4,1,13
seedv,SEED-V,dms_sgpan,72,797,-16.116357803344727,-16.15981101989746,4,Happy,4,1,13
seedv,SEED-V,dms_sgpan,73,798,-15.907352447509766,-16.127002716064453,4,Happy,4,1,13
seedv,SEED-V,dms_sgpan,74,800,-16.748573303222656,-16.43654441833496,4,Happy,4,1,13
seedv,SEED-V,dms_sgpan,75,805,-16.615697860717773,-16.178010940551758,4,Happy,4,1,13
seedv,SEED-V,dms_sgpan,76,824,-17.5616512298584,-16.73201560974121,4,Happy,4,1,13
seedv,SEED-V,dms_sgpan,77,830,-17.113393783569336,-16.522998809814453,4,Happy,4,1,13
seedv,SEED-V,dms_sgpan,78,844,-15.744962692260742,-16.364574432373047,4,Happy,4,1,13
seedv,SEED-V,dms_sgpan,79,859,-16.314998626708984,-17.109590530395508,4,Happy,4,1,13
seedv,SEED-V,dms_sgpan,80,862,-16.722640991210938,-17.336904525756836,4,Happy,4,1,13
seedv,SEED-V,dms_sgpan,81,869,-16.44972801208496,-17.43338966369629,4,Happy,4,1,13
seedv,SEED-V,dms_sgpan,82,880,-13.775370597839355,-16.663679122924805,4,Happy,4,1,13
seedv,SEED-V,dms_sgpan,83,882,-14.204031944274902,-16.674020767211914,4,Happy,4,1,13
seedv,SEED-V,dms_sgpan,84,894,-16.151628494262695,-17.043102264404297,4,Happy,4,1,13
seedv,SEED-V,dms_sgpan,85,914,-16.03099822998047,-17.149723052978516,4,Happy,4,1,13
seedv,SEED-V,dms_sgpan,86,918,-15.527682304382324,-16.614524841308594,4,Happy,4,1,13
seedv,SEED-V,dms_sgpan,87,932,-15.29829216003418,-16.988628387451172,4,Happy,4,1,13
seedv,SEED-V,dms_sgpan,88,958,-12.603264808654785,-15.854086875915527,4,Happy,4,1,13
seedv,SEED-V,dms_sgpan,89,968,-12.584715843200684,-15.765469551086426,4,Happy,4,1,13
seedv,SEED-V,dms_sgpan,90,975,-12.70192813873291,-15.803204536437988,4,Happy,4,1,13
seedv,SEED-V,dms_sgpan,91,978,-12.770668983459473,-15.892638206481934,4,Happy,4,1,13
seedv,SEED-V,dms_sgpan,92,988,-12.715679168701172,-15.714130401611328,4,Happy,4,1,13
seedv,SEED-V,dms_sgpan,93,1007,4.384550094604492,2.1619625091552734,1,Fear,1,1,13
seedv,SEED-V,dms_sgpan,94,1042,4.026993751525879,2.5220234394073486,1,Fear,1,1,13
seedv,SEED-V,dms_sgpan,95,1065,3.405916452407837,1.3171277046203613,1,Fear,1,1,13
seedv,SEED-V,dms_sgpan,96,1075,2.804008960723877,0.6886586546897888,1,Fear,1,1,13
seedv,SEED-V,dms_sgpan,97,1077,2.7145586013793945,0.5082613229751587,1,Fear,1,1,13
seedv,SEED-V,dms_sgpan,98,1087,3.068580150604248,0.860722005367279,1,Fear,1,1,13
seedv,SEED-V,dms_sgpan,99,1094,3.0692570209503174,0.6559938192367554,1,Fear,1,1,13
seedv,SEED-V,dms_sgpan,100,1098,2.670642375946045,0.2715079188346863,1,Fear,1,1,13
seedv,SEED-V,dms_sgpan,101,1112,2.9469552040100098,0.33588624000549316,1,Fear,1,1,13
seedv,SEED-V,dms_sgpan,102,1120,3.3205888271331787,0.42481228709220886,1,Fear,1,1,13
seedv,SEED-V,dms_sgpan,103,1122,3.698012351989746,0.5944625735282898,1,Fear,1,1,13
seedv,SEED-V,dms_sgpan,104,1134,1.6733393669128418,0.23988713324069977,1,Fear,1,1,13
seedv,SEED-V,dms_sgpan,105,1143,2.0533432960510254,0.47576677799224854,1,Fear,1,1,13
seedv,SEED-V,dms_sgpan,106,1148,3.106050491333008,0.5650678873062134,1,Fear,1,1,13
seedv,SEED-V,dms_sgpan,107,1160,2.166191339492798,0.6057487726211548,1,Fear,1,1,13
seedv,SEED-V,dms_sgpan,108,1171,1.5993717908859253,0.7074298858642578,1,Fear,1,1,13
seedv,SEED-V,dms_sgpan,109,1180,1.7128907442092896,0.8347291946411133,1,Fear,1,1,13
seedv,SEED-V,dms_sgpan,110,1184,1.750831127166748,0.8757340908050537,1,Fear,1,1,13
seedv,SEED-V,dms_sgpan,111,1194,1.8151593208312988,1.38651442527771,1,Fear,1,1,13
seedv,SEED-V,dms_sgpan,112,1206,2.214580774307251,1.7152799367904663,1,Fear,1,1,13
seedv,SEED-V,dms_sgpan,113,1217,2.4561643600463867,1.9975979328155518,1,Fear,1,1,13
seedv,SEED-V,dms_sgpan,114,1222,2.4476447105407715,2.036548376083374,1,Fear,1,1,13
seedv,SEED-V,dms_sgpan,115,1239,2.5054855346679688,1.9152307510375977,1,Fear,1,1,13
seedv,SEED-V,dms_sgpan,116,1257,3.1140661239624023,2.2408998012542725,1,Fear,1,1,13
seedv,SEED-V,dms_sgpan,117,1288,3.610646963119507,2.3598904609680176,1,Fear,1,1,13
seedv,SEED-V,dms_sgpan,118,1290,3.4522290229797363,2.427851915359497,1,Fear,1,1,13
seedv,SEED-V,dms_sgpan,119,1299,-11.593605041503906,35.46208190917969,3,Neutral,3,1,13
seedv,SEED-V,dms_sgpan,120,1305,-11.40182876586914,35.381927490234375,3,Neutral,3,1,13
seedv,SEED-V,dms_sgpan,121,1307,-11.35608196258545,35.34511184692383,3,Neutral,3,1,13
seedv,SEED-V,dms_sgpan,122,1342,-11.496249198913574,35.15354537963867,3,Neutral,3,1,13
seedv,SEED-V,dms_sgpan,123,1344,-11.436225891113281,35.07273483276367,3,Neutral,3,1,13
seedv,SEED-V,dms_sgpan,124,1349,-11.678213119506836,35.04556655883789,3,Neutral,3,1,13
seedv,SEED-V,dms_sgpan,125,1360,-11.547774314880371,34.78294372558594,3,Neutral,3,1,13
seedv,SEED-V,dms_sgpan,126,1361,-11.49728775024414,34.76470184326172,3,Neutral,3,1,13
seedv,SEED-V,dms_sgpan,127,1362,-11.487507820129395,34.752784729003906,3,Neutral,3,1,13
seedv,SEED-V,dms_sgpan,128,1364,35.03125762939453,-4.042426586151123,2,Sad,2,1,13
seedv,SEED-V,dms_sgpan,129,1389,35.32077407836914,-4.294676303863525,2,Sad,2,1,13
seedv,SEED-V,dms_sgpan,130,1394,35.447322845458984,-4.516835689544678,2,Sad,2,1,13
seedv,SEED-V,dms_sgpan,131,1396,35.54369354248047,-4.658229351043701,2,Sad,2,1,13
seedv,SEED-V,dms_sgpan,132,1401,35.32748031616211,-4.837862968444824,2,Sad,2,1,13
seedv,SEED-V,dms_sgpan,133,1414,35.235660552978516,-4.763213157653809,2,Sad,2,1,13
seedv,SEED-V,dms_sgpan,134,1420,35.06108093261719,-4.750128746032715,2,Sad,2,1,13
seedv,SEED-V,dms_sgpan,135,1438,35.780033111572266,-4.811813831329346,2,Sad,2,1,13
seedv,SEED-V,dms_sgpan,136,1461,34.81937026977539,-4.831413269042969,2,Sad,2,1,13
seedv,SEED-V,dms_sgpan,137,1462,34.882843017578125,-4.824645042419434,2,Sad,2,1,13
seedv,SEED-V,dms_sgpan,138,1482,36.23887252807617,-4.225815296173096,2,Sad,2,1,13
seedv,SEED-V,dms_sgpan,139,1492,35.52674102783203,-4.788301944732666,2,Sad,2,1,13
seedv,SEED-V,dms_sgpan,140,1528,36.26567840576172,-4.7215375900268555,2,Sad,2,1,13
seedv,SEED-V,dms_sgpan,141,1551,35.965965270996094,-4.050498962402344,2,Sad,2,1,13
seedv,SEED-V,dms_sgpan,142,1552,36.198665618896484,-4.346680641174316,2,Sad,2,1,13
seedv,SEED-V,dms_sgpan,143,1561,36.185211181640625,-4.165886878967285,2,Sad,2,1,13
seedv,SEED-V,dms_sgpan,144,1564,36.06843566894531,-4.055697441101074,2,Sad,2,1,13
seedv,SEED-V,dms_sgpan,145,1574,36.192012786865234,-4.071124076843262,2,Sad,2,1,13
seedv,SEED-V,dms_sgpan,146,1575,35.941123962402344,-4.11534309387207,2,Sad,2,1,13
seedv,SEED-V,dms_sgpan,147,1591,36.028499603271484,-3.697112560272217,2,Sad,2,1,13
seedv,SEED-V,dms_sgpan,148,1612,35.51580047607422,-3.4300999641418457,2,Sad,2,1,13
seedv,SEED-V,dms_sgpan,149,1623,35.421058654785156,-3.4268221855163574,2,Sad,2,1,13
seedv,SEED-V,dms_sgpan,150,1628,-12.18284797668457,-6.521543502807617,0,Disgust,0,1,13
seedv,SEED-V,dms_sgpan,151,1666,-11.91650390625,-6.038180351257324,0,Disgust,0,1,13
seedv,SEED-V,dms_sgpan,152,1668,-11.946357727050781,-6.007430553436279,0,Disgust,0,1,13
seedv,SEED-V,dms_sgpan,153,1671,-11.931792259216309,-6.077939510345459,0,Disgust,0,1,13
seedv,SEED-V,dms_sgpan,154,1676,-11.988256454467773,-6.380136489868164,0,Disgust,0,1,13
seedv,SEED-V,dms_sgpan,155,1678,-12.005756378173828,-6.407504558563232,0,Disgust,0,1,13
seedv,SEED-V,dms_sgpan,156,1685,-12.085518836975098,-6.4529218673706055,0,Disgust,0,1,13
seedv,SEED-V,dms_sgpan,157,1697,-12.169598579406738,-5.828465461730957,0,Disgust,0,1,13
seedv,SEED-V,dms_sgpan,158,1708,-12.264923095703125,-5.783748149871826,0,Disgust,0,1,13
seedv,SEED-V,dms_sgpan,159,1733,-12.701123237609863,-6.216117858886719,0,Disgust,0,1,13
seedv,SEED-V,dms_sgpan,160,1734,-12.567136764526367,-6.36137056350708,0,Disgust,0,1,13
seedv,SEED-V,dms_sgpan,161,1738,-12.801557540893555,-6.013510227203369,0,Disgust,0,1,13
seedv,SEED-V,dms_sgpan,162,1746,-12.824298858642578,-5.919215679168701,0,Disgust,0,1,13
seedv,SEED-V,dms_sgpan,163,1748,-12.65633487701416,-5.766664505004883,0,Disgust,0,1,13
seedv,SEED-V,dms_sgpan,164,1753,-12.480782508850098,-5.753163814544678,0,Disgust,0,1,13
seedv,SEED-V,dms_sgpan,165,1759,-12.533354759216309,-5.728898048400879,0,Disgust,0,1,13
seedv,SEED-V,dms_sgpan,166,1765,-12.802556991577148,-5.935810089111328,0,Disgust,0,1,13
seedv,SEED-V,dms_sgpan,167,1771,-15.412344932556152,-16.095842361450195,4,Happy,4,1,13
seedv,SEED-V,dms_sgpan,168,1777,-18.33803367614746,-17.259647369384766,4,Happy,4,1,13
seedv,SEED-V,dms_sgpan,169,1784,-19.409669876098633,-17.85704803466797,4,Happy,4,1,13
seedv,SEED-V,dms_sgpan,170,1794,-19.105995178222656,-17.710023880004883,4,Happy,4,1,13
seedv,SEED-V,dms_sgpan,171,1799,-19.13299560546875,-17.738805770874023,4,Happy,4,1,13
seedv,SEED-V,dms_sgpan,172,1800,-19.061187744140625,-17.701818466186523,4,Happy,4,1,13
seedv,SEED-V,dms_sgpan,173,1826,-19.904138565063477,-18.368953704833984,4,Happy,4,1,13
seedv,SEED-V,dms_sgpan,174,1827,-19.992023468017578,-18.431316375732422,4,Happy,4,1,13
seedv,SEED-V,dms_sgpan,175,1830,-19.940813064575195,-18.3080997467041,4,Happy,4,1,13
seedv,SEED-V,dms_sgpan,176,1844,-20.060565948486328,-18.517642974853516,4,Happy,4,1,13
seedv,SEED-V,dms_sgpan,177,1847,-20.077756881713867,-18.509138107299805,4,Happy,4,1,13
seedv,SEED-V,dms_sgpan,178,1858,-20.044612884521484,-18.382526397705078,4,Happy,4,1,13
seedv,SEED-V,dms_sgpan,179,1864,-19.911579132080078,-18.131752014160156,4,Happy,4,1,13
seedv,SEED-V,dms_sgpan,180,1892,-18.949819564819336,-17.52460479736328,4,Happy,4,1,13
seedv,SEED-V,dms_sgpan,181,1893,-19.02981948852539,-17.54916000366211,4,Happy,4,1,13
seedv,SEED-V,dms_sgpan,182,1924,-18.49393081665039,-17.365283966064453,4,Happy,4,1,13
seedv,SEED-V,dms_sgpan,183,1925,-18.398435592651367,-17.31325912475586,4,Happy,4,1,13
seedv,SEED-V,dms_sgpan,184,1942,-0.595740795135498,-1.6832246780395508,1,Fear,1,1,13
seedv,SEED-V,dms_sgpan,185,1953,-0.2559775710105896,-1.4776250123977661,1,Fear,1,1,13
seedv,SEED-V,dms_sgpan,186,1954,-0.24458211660385132,-1.4709484577178955,1,Fear,1,1,13
seedv,SEED-V,dms_sgpan,187,1958,-0.14105233550071716,-1.41858971118927,1,Fear,1,1,13
seedv,SEED-V,dms_sgpan,188,1971,0.8746721744537354,-1.1155927181243896,1,Fear,1,1,13
seedv,SEED-V,dms_sgpan,189,1973,1.0158571004867554,-1.0593372583389282,1,Fear,1,1,13
seedv,SEED-V,dms_sgpan,190,1974,0.85419762134552,-1.1056782007217407,1,Fear,1,1,13
seedv,SEED-V,dms_sgpan,191,1984,1.231010913848877,-1.0436697006225586,1,Fear,1,1,13
seedv,SEED-V,dms_sgpan,192,1998,1.3848683834075928,-1.0564587116241455,1,Fear,1,1,13
seedv,SEED-V,dms_sgpan,193,2017,2.061676263809204,-0.7640678286552429,1,Fear,1,1,13
seedv,SEED-V,dms_sgpan,194,2042,2.603368043899536,-0.4856414794921875,1,Fear,1,1,13
seedv,SEED-V,dms_sgpan,195,2046,2.443976879119873,-0.5399875640869141,1,Fear,1,1,13
seedv,SEED-V,dms_sgpan,196,2075,6.061803817749023,3.125809669494629,1,Fear,1,1,13
seedv,SEED-V,dms_sgpan,197,2083,6.067568302154541,3.125427722930908,1,Fear,1,1,13
seedv,SEED-V,dms_sgpan,198,2089,6.0681257247924805,3.125953197479248,1,Fear,1,1,13
seedv,SEED-V,dms_sgpan,199,2091,6.06785774230957,3.127107620239258,1,Fear,1,1,13
seedv,SEED-V,dms_sgpan,200,2097,6.064215183258057,3.124265193939209,1,Fear,1,1,13
seedv,SEED-V,dms_sgpan,201,2108,6.06919002532959,3.1263930797576904,1,Fear,1,1,13
seedv,SEED-V,dms_sgpan,202,2143,-6.260072231292725,32.4121208190918,3,Neutral,3,1,13
seedv,SEED-V,dms_sgpan,203,2147,-6.317775726318359,32.397071838378906,3,Neutral,3,1,13
seedv,SEED-V,dms_sgpan,204,2149,-6.442465782165527,32.1514778137207,3,Neutral,3,1,13
seedv,SEED-V,dms_sgpan,205,2176,-6.971563816070557,32.118289947509766,3,Neutral,3,1,13
seedv,SEED-V,dms_sgpan,206,2180,-6.954320430755615,32.1062126159668,3,Neutral,3,1,13
seedv,SEED-V,dms_sgpan,207,2183,-6.934410572052002,32.13225173950195,3,Neutral,3,1,13
seedv,SEED-V,dms_sgpan,208,2196,-6.952580451965332,31.966320037841797,3,Neutral,3,1,13
seedv,SEED-V,dms_sgpan,209,2208,-6.995302677154541,31.96327018737793,3,Neutral,3,1,13
seedv,SEED-V,dms_sgpan,210,2215,-6.98076057434082,31.99335479736328,3,Neutral,3,1,13
seedv,SEED-V,dms_sgpan,211,2253,-6.775467395782471,32.0205078125,3,Neutral,3,1,13
seedv,SEED-V,dms_sgpan,212,2260,-6.717616081237793,32.00809860229492,3,Neutral,3,1,13
seedv,SEED-V,dms_sgpan,213,2316,-6.15929651260376,33.28558349609375,3,Neutral,3,1,13
seedv,SEED-V,dms_sgpan,214,2329,-6.184704303741455,33.11916732788086,3,Neutral,3,1,13
seedv,SEED-V,dms_sgpan,215,2348,37.808650970458984,-3.823922872543335,2,Sad,2,1,13
seedv,SEED-V,dms_sgpan,216,2369,37.149696350097656,-1.526623249053955,2,Sad,2,1,13
seedv,SEED-V,dms_sgpan,217,2389,37.72953414916992,-2.6376330852508545,2,Sad,2,1,13
seedv,SEED-V,dms_sgpan,218,2397,37.651588439941406,-2.5756993293762207,2,Sad,2,1,13
seedv,SEED-V,dms_sgpan,219,2407,37.568084716796875,-2.6172919273376465,2,Sad,2,1,13
seedv,SEED-V,dms_sgpan,220,2408,37.589019775390625,-2.655724287033081,2,Sad,2,1,13
seedv,SEED-V,dms_sgpan,221,2422,37.30192565917969,-3.2555160522460938,2,Sad,2,1,13
seedv,SEED-V,dms_sgpan,222,2433,37.50429916381836,-2.989011764526367,2,Sad,2,1,13
seedv,SEED-V,dms_sgpan,223,2445,37.28141403198242,-3.176107168197632,2,Sad,2,1,13
seedv,SEED-V,dms_sgpan,224,2461,37.056182861328125,-3.656628370285034,2,Sad,2,1,13
seedv,SEED-V,dms_sgpan,225,2502,38.15884017944336,-2.6222405433654785,2,Sad,2,1,13
seedv,SEED-V,dms_sgpan,226,2522,-0.7560194730758667,-1.783820629119873,2,Sad,2,1,13
seedv,SEED-V,dms_sgpan,227,2524,-12.373126029968262,-10.582887649536133,2,Sad,0,0,13
seedv,SEED-V,dms_sgpan,228,2537,-12.41288948059082,-10.442633628845215,2,Sad,0,0,13
seedv,SEED-V,dms_sgpan,229,2562,-12.432827949523926,-6.91865348815918,2,Sad,0,0,13
seedv,SEED-V,dms_sgpan,230,2567,-12.995755195617676,-6.436607837677002,2,Sad,0,0,13
seedv,SEED-V,dms_sgpan,231,2570,-12.779745101928711,-6.636352062225342,2,Sad,0,0,13
seedv,SEED-V,dms_sgpan,232,2571,-12.854838371276855,-6.560614109039307,2,Sad,0,0,13
seedv,SEED-V,dms_sgpan,233,2578,-12.74637508392334,-11.253636360168457,2,Sad,0,0,13
seedv,SEED-V,dms_sgpan,234,2591,4.833750247955322,-0.8617005944252014,0,Disgust,1,0,13
seedv,SEED-V,dms_sgpan,235,2594,4.812315464019775,-0.9133264422416687,0,Disgust,1,0,13
seedv,SEED-V,dms_sgpan,236,2602,-13.62821102142334,-12.737271308898926,0,Disgust,4,0,13
seedv,SEED-V,dms_sgpan,237,2616,-12.848703384399414,-11.453644752502441,0,Disgust,0,1,13
seedv,SEED-V,dms_sgpan,238,2620,-12.714387893676758,-11.198366165161133,0,Disgust,0,1,13
seedv,SEED-V,dms_sgpan,239,2635,-15.15626049041748,-14.088223457336426,0,Disgust,4,0,13
seedv,SEED-V,dms_sgpan,240,2651,-14.859879493713379,-14.347955703735352,0,Disgust,4,0,13
seedv,SEED-V,dms_sgpan,241,2665,-12.654213905334473,-11.054715156555176,0,Disgust,0,1,13
seedv,SEED-V,dms_sgpan,242,2668,-12.699066162109375,-11.178548812866211,0,Disgust,0,1,13
seedv,SEED-V,dms_sgpan,243,2670,-15.32967472076416,-14.02261734008789,0,Disgust,4,0,13
seedv,SEED-V,dms_sgpan,244,2683,-17.400680541992188,-19.25724220275879,0,Disgust,4,0,13
seedv,SEED-V,dms_sgpan,245,2701,-12.985994338989258,-11.703397750854492,0,Disgust,0,1,13
seedv,SEED-V,dms_sgpan,246,2703,-12.720903396606445,-11.205936431884766,0,Disgust,0,1,13
seedv,SEED-V,dms_sgpan,247,2724,-16.20982551574707,-14.047842025756836,0,Disgust,4,0,13
seedv,SEED-V,dms_sgpan,248,2728,-19.72184181213379,-19.67894744873047,0,Disgust,4,0,13
seedv,SEED-V,dms_sgpan,249,2737,-19.653661727905273,-19.512123107910156,0,Disgust,4,0,13
