threshold,sample_count,selected_count,rejected_count,wrong_pseudo_count,coverage,selected_pseudo_precision,rejected_error_recall,rejected_error_precision
0.0,10182,10182,0,1869,1.0,0.8164407778432528,0.0,nan
0.01,10182,10182,0,1869,1.0,0.8164407778432528,0.0,nan
0.02,10182,10182,0,1869,1.0,0.8164407778432528,0.0,nan
0.03,10182,10182,0,1869,1.0,0.8164407778432528,0.0,nan
0.04,10182,10180,2,1869,0.9998035749361619,0.8166011787819254,0.001070090957731407,1.0
0.05,10182,10179,3,1869,0.9997053624042428,0.8166814028882995,0.0016051364365971107,1.0
0.06,10182,10176,6,1869,0.9994107248084856,0.8169221698113207,0.0032102728731942215,1.0
0.07,10182,10171,11,1869,0.9989196621488902,0.8171271261429555,0.004815409309791332,0.8181818181818182
0.08,10182,10148,34,1869,0.9966607739147515,0.8186834844304296,0.015516318887105404,0.8529411764705882
0.09,10182,10137,45,1869,0.9955804360636418,0.8194732169280853,0.02086677367576244,0.8666666666666667
0.1,10182,10129,53,1869,0.9947947358082891,0.8199229933853293,0.024077046548956663,0.8490566037735849
0.11,10182,10118,64,1869,0.9937143979571793,0.820517888910852,0.02835741037988229,0.828125
0.12,10182,10083,99,1869,0.9902769593400118,0.8207874640483983,0.03317281968967362,0.6262626262626263
0.13,10182,10052,130,1869,0.9872323708505205,0.8219259848786311,0.04226859283039058,0.6076923076923076
0.14,10182,10036,146,1869,0.9856609703398154,0.8222399362295736,0.0454788657035848,0.5821917808219178
0.15,10182,10028,154,1869,0.9848752700844627,0.8221978460311129,0.04601391118245051,0.5584415584415584
0.16,10182,10003,179,1869,0.982419956786486,0.8222533240027992,0.04868913857677903,0.5083798882681564
0.17,10182,9974,208,1869,0.9795717933608329,0.8223380790054141,0.051899411449973246,0.46634615384615385
0.18,10182,9956,226,1869,0.9778039677862895,0.823222177581358,0.05831995719636169,0.4823008849557522
0.19,10182,9945,237,1869,0.9767236299351797,0.8236299648064354,0.061530230069555915,0.48523206751054854
0.2,10182,9942,240,1869,0.9764289923394225,0.8236773285053309,0.06206527554842162,0.48333333333333334
0.21,10182,9931,251,1869,0.9753486544883128,0.8238848051555735,0.06420545746388442,0.47808764940239046
0.22,10182,9923,259,1869,0.9745629542329601,0.8241459236118109,0.06634563937934725,0.47876447876447875
0.23,10182,9913,269,1869,0.9735808289137694,0.8247755472611722,0.07062600321027288,0.49070631970260226
0.24,10182,9899,283,1869,0.9722058534669024,0.825234872209314,0.0743713215623328,0.4911660777385159
0.25,10182,9885,297,1869,0.9708308780200353,0.8257966616084977,0.07865168539325842,0.494949494949495
0.26,10182,9872,310,1869,0.9695541151050874,0.8261750405186385,0.08186195826645265,0.4935483870967742
0.27,10182,9860,322,1869,0.9683755647220585,0.8265720081135902,0.08507223113964688,0.4937888198757764
0.28,10182,9834,348,1869,0.9658220388921627,0.8272320520642669,0.0909577314071696,0.4885057471264368
0.29,10182,9807,375,1869,0.9631703005303477,0.8277760783114102,0.09630818619582665,0.48
0.3,10182,9741,441,1869,0.9566882734236889,0.8287650138589467,0.10754414125200643,0.4557823129251701
0.31,10182,9695,487,1869,0.9521704969554116,0.8294997421351212,0.11556982343499198,0.44353182751540043
0.32,10182,9646,536,1869,0.9473580828913769,0.8309143686502177,0.12734082397003746,0.44402985074626866
0.33,10182,9577,605,1869,0.9405814181889609,0.8324109846507257,0.14125200642054575,0.43636363636363634
0.34,10182,9496,686,1869,0.932626203103516,0.8346672283066554,0.15997859818084537,0.4358600583090379
0.35000000000000003,10182,9394,788,1869,0.9226085248477706,0.8371300830317224,0.18138041733547353,0.4302030456852792
0.36,10182,9271,911,1869,0.9105283834217246,0.8411174630568439,0.21187800963081863,0.43468715697036225
0.37,10182,9188,994,1869,0.9023767432724416,0.8454505877231171,0.24023542001070092,0.4517102615694165
0.38,10182,9091,1091,1869,0.8928501276762915,0.8506214937850621,0.27340823970037453,0.46837763519706693
0.39,10182,8993,1189,1869,0.8832252995482224,0.8524407872789947,0.28999464954521137,0.4558452481076535
0.4,10182,8896,1286,1869,0.8736986839520723,0.8551034172661871,0.3103263777421081,0.4510108864696734
0.41000000000000003,10182,8799,1383,1869,0.8641720683559222,0.8572565064211842,0.3279828785446763,0.4432393347794649
0.42,10182,8744,1438,1869,0.8587703791003732,0.8585315645013724,0.33814874264312467,0.43949930458970793
0.43,10182,8689,1493,1869,0.8533686898448242,0.8605132926688916,0.35152487961476725,0.44005358338914935
0.44,10182,8619,1563,1869,0.8464938126104891,0.8641373709247012,0.3734617442482611,0.4465770953294946
0.45,10182,8500,1682,1869,0.8348065213121194,0.8654117647058823,0.3879079721776351,0.43103448275862066
0.46,10182,8377,1805,1869,0.8227263798860734,0.8663005849349409,0.40074906367041196,0.4149584487534626
0.47000000000000003,10182,8299,1883,1869,0.8150658023963858,0.8669719243282323,0.40930979133226325,0.40626659585767394
0.48,10182,8245,1937,1869,0.8097623256727559,0.8682838083687083,0.4189406099518459,0.4042333505420754
0.49,10182,8226,1956,1869,0.8078962875662935,0.8687089715536105,0.42215088282504015,0.40337423312883436
0.5,10182,8191,1991,1869,0.8044588489491259,0.8692467342204859,0.42696629213483145,0.4008036162732295
0.51,10182,8156,2026,1869,0.8010214103319584,0.8699117214320745,0.4323167469234885,0.39881539980256664
0.52,10182,8129,2053,1869,0.7983696719701434,0.8698486898757535,0.4339218833600856,0.39503166098392595
0.53,10182,8102,2080,1869,0.7957179336083284,0.870278943470748,0.4376672017121455,0.39326923076923076
0.54,10182,8076,2106,1869,0.7931644077784326,0.8708519068845963,0.4419475655430712,0.3922127255460589
0.55,10182,8057,2125,1869,0.7912983696719701,0.8710438128335609,0.44408774745853397,0.3905882352941176
0.56,10182,8019,2163,1869,0.7875662934590454,0.8708068337697967,0.44569288389513106,0.3851132686084142
0.5700000000000001,10182,7991,2191,1869,0.7848163425653113,0.8711049931172569,0.4489031567683253,0.3829301688726609
0.58,10182,7944,2238,1869,0.7802003535651149,0.8712235649546828,0.45264847512038525,0.3780160857908847
0.59,10182,7793,2389,1869,0.7653702612453349,0.870781470550494,0.4612092027822365,0.3608204269568857
0.6,10182,7701,2481,1869,0.7563347083087802,0.8704064407219841,0.46602461209202783,0.35106811769447804
0.61,10182,7456,2726,1869,0.7322726379886073,0.8681598712446352,0.4740502942750134,0.32501834189288337
0.62,10182,7274,2908,1869,0.7143979571793361,0.8673357162496563,0.48368111289459603,0.3108665749656121
0.63,10182,7075,3107,1869,0.6948536633274406,0.8664310954063604,0.4943820224719101,0.2973929835854522
0.64,10182,6898,3284,1869,0.6774700451777647,0.8677877645694404,0.5120385232744783,0.2914129110840438
0.65,10182,6713,3469,1869,0.6593007267727362,0.8733800089378817,0.545211342964152,0.2937445949841453
0.66,10182,6541,3641,1869,0.6424081712826557,0.8775416602965908,0.5714285714285714,0.29332600933809394
0.67,10182,6329,3853,1869,0.6215871145158122,0.8753357560436088,0.5778491171749599,0.2803010641058915
0.68,10182,6137,4045,1869,0.6027303083873502,0.8761609907120743,0.5933654360620653,0.2741656365883807
0.6900000000000001,10182,5899,4283,1869,0.5793557257906109,0.8791320562807255,0.6185125735687533,0.26990427270604717
0.7000000000000001,10182,5714,4468,1869,0.5611864073855825,0.8837941897094854,0.6447298020331729,0.2696956132497762
0.71,10182,5632,4550,1869,0.5531329797682184,0.8849431818181818,0.6532905296950241,0.2683516483516484
0.72,10182,5574,4608,1869,0.5474366529169122,0.8857194115536419,0.6591760299625468,0.2673611111111111
0.73,10182,5528,4654,1869,0.5429188764486348,0.8865774240231549,0.6645264847512039,0.26686721100128924
0.74,10182,5487,4695,1869,0.5388921626399529,0.8870056497175142,0.6682718031032637,0.2660276890308839
0.75,10182,5457,4725,1869,0.5359457866823807,0.8882169690306029,0.6736222578919208,0.26645502645502644
0.76,10182,5421,4761,1869,0.5324101355332941,0.8885814425382771,0.6768325307651151,0.26570048309178745
0.77,10182,5400,4782,1869,0.5303476723629935,0.8887037037037037,0.6784376672017122,0.26516102049351736
0.78,10182,5380,4802,1869,0.5283834217246121,0.8890334572490707,0.680577849117175,0.2648896293211162
0.79,10182,5361,4821,1869,0.5265173836181497,0.889572840887894,0.6832530765115035,0.2648828043974279
0.8,10182,5340,4842,1869,0.5244549204478491,0.8897003745318353,0.6848582129481006,0.26435357290375877
0.81,10182,5304,4878,1869,0.5209192692987625,0.8900829562594268,0.6880684858212948,0.26363263632636325
0.8200000000000001,10182,5255,4927,1869,0.516106855234728,0.8917221693625119,0.6955591225254146,0.2638522427440633
0.8300000000000001,10182,5193,4989,1869,0.5100176782557454,0.8927402272289621,0.7019796682718031,0.26297855281619564
0.84,10182,5113,5069,1869,0.5021606757022196,0.8969293956581263,0.7180310326377742,0.2647464983231407
0.85,10182,5041,5141,1869,0.49508937340404635,0.9016068240428486,0.7346174424826111,0.26706866368410814
0.86,10182,4961,5221,1869,0.4872323708505205,0.9040516024994961,0.7453183520599251,0.2668071250718253
0.87,10182,4870,5312,1869,0.4782950304458849,0.9049281314168378,0.7522739432851793,0.26468373493975905
0.88,10182,4777,5405,1869,0.4691612649774111,0.906426627590538,0.7608346709470305,0.26308973172987976
0.89,10182,4653,5529,1869,0.4569829110194461,0.9086610788738448,0.7726056714820759,0.2611683848797251
0.9,10182,4489,5693,1869,0.4408760557847181,0.9135664958788149,0.792402354200107,0.26014403653609697
0.91,10182,4273,5909,1869,0.41966214889019837,0.9194945003510414,0.8159443552701979,0.2580808935522085
0.92,10182,3953,6229,1869,0.3882341386760951,0.9205666582342524,0.831995719636169,0.24963878632204206
0.93,10182,3110,7072,1869,0.3054409742683166,0.9237942122186495,0.8731942215088283,0.23076923076923078
0.9400000000000001,10182,2422,7760,1869,0.2378707523079945,0.9545829892650702,0.9411449973247726,0.22667525773195876
0.95,10182,2261,7921,1869,0.22205853466902375,0.9562140645731977,0.9470304975922953,0.22345663426335058
0.9500000000000001,10182,2261,7921,1869,0.22205853466902375,0.9562140645731977,0.9470304975922953,0.22345663426335058
0.96,10182,2258,7924,1869,0.22176389707326655,0.9574844995571302,0.9486356340288925,0.22375063099444725
0.97,10182,2257,7925,1869,0.22166568454134747,0.9574656623836951,0.9486356340288925,0.2237223974763407
0.98,10182,2254,7928,1869,0.22137104694559026,0.9582963620230701,0.9497057249866239,0.22389001009081735
0.99,10182,2237,7945,1869,0.219701433902966,0.9588734912829683,0.9507758159443552,0.2236626809314034
1.0,10182,0,10182,1869,0.0,nan,1.0,0.1835592221567472
