name,FP1,FPZ,FP2,AF3,AF4,F7,F5,F3,F1,FZ,F2,F4,F6,F8,FT7,FC5,FC3,FC1,FCZ,FC2,FC4,FC6,FT8,T7,C5,C3,C1,CZ,C2,C4,C6,T8,TP7,CP5,CP3,CP1,CPZ,CP2,CP4,CP6,TP8,P7,P5,P3,P1,PZ,P2,P4,P6,P8,PO7,PO5,PO3,POZ,PO4,PO6,PO8,CB1,O1,OZ,O2,CB2
FP1,0.02285545878112316,0.017185786738991737,0.018613474443554878,0.017477797344326973,0.016283975914120674,0.015128477476537228,0.015632204711437225,0.015803279355168343,0.01633879542350769,0.01777420938014984,0.01670452021062374,0.016864515841007233,0.016970230266451836,0.015623411163687706,0.0163438618183136,0.016396360471844673,0.016174620017409325,0.016397535800933838,0.01615886017680168,0.015676897019147873,0.015446062199771404,0.016067923977971077,0.01595374196767807,0.014348792843520641,0.015728823840618134,0.015710603445768356,0.015238597989082336,0.015466640703380108,0.01593310572206974,0.01563130132853985,0.014476604759693146,0.014341382309794426,0.014411773532629013,0.015631521120667458,0.01610858179628849,0.015601386316120625,0.015702780336141586,0.01638808660209179,0.016093524172902107,0.015895163640379906,0.014607751742005348,0.0151452561840415,0.016031865030527115,0.016736118122935295,0.015128196217119694,0.015957061201334,0.01639346405863762,0.016098178923130035,0.01639212667942047,0.01602691225707531,0.015854505822062492,0.016195273026823997,0.016054170206189156,0.015769392251968384,0.01637408323585987,0.016221625730395317,0.01621054857969284,0.016215626150369644,0.016630275174975395,0.0167315062135458,0.016823623329401016,0.015821676701307297
FPZ,0.01802670583128929,0.024050572887063026,0.01831095665693283,0.01663108542561531,0.016944175586104393,0.015079976059496403,0.01547552365809679,0.015600950457155704,0.017020471394062042,0.018393853679299355,0.017427224665880203,0.017393963411450386,0.016638007014989853,0.015277627855539322,0.01630638912320137,0.01569490134716034,0.016943475231528282,0.017178373411297798,0.016519473865628242,0.01617596670985222,0.015365200117230415,0.0161484032869339,0.01571674831211567,0.013965871185064316,0.015295371413230896,0.016039537265896797,0.015694428235292435,0.015204118564724922,0.016322439536452293,0.015457886271178722,0.013838727958500385,0.01444899570196867,0.013789152726531029,0.01565363071858883,0.015600250102579594,0.01610279455780983,0.015507574193179607,0.016153525561094284,0.01588534750044346,0.01564597152173519,0.01412181556224823,0.015247353352606297,0.015205422416329384,0.01618199236690998,0.01503140851855278,0.01691635139286518,0.0165457371622324,0.015645070001482964,0.01603788137435913,0.015966180711984634,0.0156344473361969,0.01614118553698063,0.016639353707432747,0.01629634015262127,0.016132447868585587,0.015712201595306396,0.015922706574201584,0.015337368473410606,0.01684458740055561,0.01692582480609417,0.016548866406083107,0.016040656715631485
FP2,0.018436569720506668,0.017306659370660782,0.022594956681132317,0.01664379984140396,0.017019173130393028,0.014518343843519688,0.016019733622670174,0.015586870722472668,0.01634969748556614,0.017552252858877182,0.016695713624358177,0.017544906586408615,0.017620572820305824,0.015703262761235237,0.016894418746232986,0.016470227390527725,0.016261989250779152,0.016918674111366272,0.016051199287176132,0.016415758058428764,0.015571284107863903,0.016098814085125923,0.015952132642269135,0.014239871874451637,0.015767192468047142,0.01610780507326126,0.015195837244391441,0.01508383173495531,0.015553663484752178,0.015875723212957382,0.01433008722960949,0.014183123596012592,0.013830449432134628,0.01564892567694187,0.015656379982829094,0.015683293342590332,0.015293188393115997,0.01636224240064621,0.01594531163573265,0.01592806540429592,0.013959238305687904,0.015202119015157223,0.01552520226687193,0.016447992995381355,0.014953278005123138,0.01648603193461895,0.016406938433647156,0.016015606001019478,0.016614824533462524,0.016116593033075333,0.01606648974120617,0.01631138101220131,0.016646595671772957,0.01597215235233307,0.016349008306860924,0.016150640323758125,0.016312601044774055,0.015334748663008213,0.0166937205940485,0.016600457951426506,0.016831031069159508,0.016091616824269295
AF3,0.016783269122242928,0.01525632943958044,0.01612093485891819,0.02185581624507904,0.015657557174563408,0.014908142387866974,0.015991050750017166,0.015963975340127945,0.01639687828719616,0.017355037853121758,0.016534119844436646,0.017406964674592018,0.016518088057637215,0.015367908403277397,0.016592541709542274,0.016344299539923668,0.01569673977792263,0.016808602958917618,0.017195291817188263,0.01588422991335392,0.015384586527943611,0.016367286443710327,0.014948618598282337,0.014274477027356625,0.015946488827466965,0.015813883394002914,0.015092108398675919,0.01637978106737137,0.01576196402311325,0.01606966182589531,0.014728957787156105,0.0141165591776371,0.014941450208425522,0.015817562118172646,0.017380278557538986,0.015747081488370895,0.016022320836782455,0.01580130122601986,0.01589607447385788,0.015752999112010002,0.014654458500444889,0.015600953251123428,0.016260169446468353,0.017587317153811455,0.015302521176636219,0.01541723683476448,0.01628868654370308,0.01644773595035076,0.01641005650162697,0.017105543985962868,0.015660975128412247,0.01710948720574379,0.015783604234457016,0.015883659943938255,0.016529368236660957,0.016660960391163826,0.016759317368268967,0.01680418662726879,0.016020702198147774,0.016072416678071022,0.01666632853448391,0.016093311831355095
AF4,0.015614356845617294,0.015510328114032745,0.016457904130220413,0.01565362699329853,0.022217176854610443,0.01505498681217432,0.01577615737915039,0.015256552025675774,0.016699785366654396,0.016970455646514893,0.01672746241092682,0.01746484450995922,0.016213342547416687,0.015413805842399597,0.01585487648844719,0.015875890851020813,0.016830777749419212,0.016835307702422142,0.015600618906319141,0.015765393152832985,0.015575269237160683,0.015917280688881874,0.015286469832062721,0.014349175617098808,0.01569334603846073,0.017371220514178276,0.015030642971396446,0.01568330079317093,0.015236432664096355,0.01654106006026268,0.015031902119517326,0.014323362149298191,0.014675097540020943,0.01573401875793934,0.016047470271587372,0.016421649605035782,0.01618378795683384,0.016275443136692047,0.015963703393936157,0.01602216064929962,0.014170024544000626,0.015081087127327919,0.016198409721255302,0.016689157113432884,0.014688198454678059,0.016880877315998077,0.016419366002082825,0.017201539129018784,0.016847427934408188,0.016368981450796127,0.016914846375584602,0.01620146445930004,0.01706191711127758,0.015572127886116505,0.016305938363075256,0.01666637696325779,0.016554147005081177,0.015477598644793034,0.016886215656995773,0.016393762081861496,0.017430370673537254,0.016833709552884102
F7,0.016035741195082664,0.01526433415710926,0.015536497347056866,0.016383426263928413,0.016676971688866615,0.024826981127262115,0.016444921493530273,0.015553557313978672,0.015875034034252167,0.01693205162882805,0.015761064365506172,0.016408128663897514,0.015623357146978378,0.015278516337275505,0.01616707071661949,0.016813790425658226,0.01677047833800316,0.0159565731883049,0.01540996041148901,0.015038753859698772,0.015412252396345139,0.016223372891545296,0.015810610726475716,0.01509933266788721,0.016214806586503983,0.01634681224822998,0.01453190017491579,0.01670527458190918,0.015745118260383606,0.016065552830696106,0.015203590504825115,0.015600359998643398,0.015511698089540005,0.01584674045443535,0.016613932326436043,0.01571076735854149,0.015829166397452354,0.015481289476156235,0.016236046329140663,0.015760906040668488,0.01494420226663351,0.01577972248196602,0.016712253913283348,0.016589460894465446,0.015488388948142529,0.015647361055016518,0.015728717669844627,0.01650865562260151,0.01626627892255783,0.016403455287218094,0.01622892916202545,0.015886668115854263,0.016236044466495514,0.015819605439901352,0.016303688287734985,0.016575587913393974,0.01635848358273506,0.016250453889369965,0.016040300950407982,0.016117151826620102,0.01666167378425598,0.01674633100628853
F5,0.015484859235584736,0.01463332585990429,0.016003191471099854,0.01643531396985054,0.016309788450598717,0.015327486209571362,0.02274193800985813,0.01650909334421158,0.016021085903048515,0.016123522073030472,0.015376133844256401,0.017548995092511177,0.017042744904756546,0.016617219895124435,0.017550915479660034,0.016901742666959763,0.016129299998283386,0.01646175980567932,0.015687253326177597,0.016431527212262154,0.016359886154532433,0.01696075312793255,0.01567293331027031,0.015877585858106613,0.01689225807785988,0.016627196222543716,0.015199501067399979,0.01563199795782566,0.01530075166374445,0.0165476705878973,0.01541734579950571,0.014960253611207008,0.014852404594421387,0.016241025179624557,0.016176745295524597,0.0156095614656806,0.015268425457179546,0.015626944601535797,0.015261480584740639,0.015892362222075462,0.014711529947817326,0.015638256445527077,0.015935499221086502,0.016684576869010925,0.015026138164103031,0.015737583860754967,0.015842491760849953,0.015998007729649544,0.016561098396778107,0.01697208732366562,0.015533698722720146,0.01641802303493023,0.01588241569697857,0.015909219160676003,0.016633382067084312,0.016332287341356277,0.01672915741801262,0.015247181057929993,0.01551126316189766,0.015823401510715485,0.01657337322831154,0.01658519357442856
F3,0.015929456800222397,0.014996289275586605,0.015866326168179512,0.01668108068406582,0.01606101356446743,0.014814776368439198,0.016835710033774376,0.023210233077406883,0.017026159912347794,0.016682907938957214,0.016371363773941994,0.01660040020942688,0.016113867983222008,0.015609008260071278,0.01640363410115242,0.016401147469878197,0.016549723222851753,0.01741807535290718,0.01650702767074108,0.0166073776781559,0.015958866104483604,0.01585106924176216,0.015286678448319435,0.014986548572778702,0.015979966148734093,0.016128862276673317,0.015737036243081093,0.01533966138958931,0.015747839584946632,0.016219094395637512,0.01566374860703945,0.014446154236793518,0.015155106782913208,0.016731280833482742,0.015602627769112587,0.015714654698967934,0.015845056623220444,0.015612511895596981,0.01590871438384056,0.01669815555214882,0.014855893328785896,0.015496875159442425,0.015907036140561104,0.01628103293478489,0.015505637973546982,0.015741903334856033,0.016058729961514473,0.016153449192643166,0.016476666554808617,0.016011476516723633,0.01579948142170906,0.01620214618742466,0.016121968626976013,0.01624158024787903,0.016574038192629814,0.016127128154039383,0.016365716233849525,0.015921764075756073,0.016122126951813698,0.01624227687716484,0.016335176303982735,0.016159100458025932
F1,0.015601890161633492,0.01548429112881422,0.015776388347148895,0.01630774699151516,0.016637364402413368,0.014261866919696331,0.015461153350770473,0.01614581234753132,0.02168050780892372,0.01730157993733883,0.01761522889137268,0.01708945631980896,0.016035426408052444,0.015650374814867973,0.01584925875067711,0.014899294823408127,0.017253108322620392,0.018290629610419273,0.017306409776210785,0.01617475599050522,0.015812525525689125,0.016219429671764374,0.014788114465773106,0.014395750127732754,0.01511366106569767,0.01678328588604927,0.016009211540222168,0.015498793683946133,0.0157657228410244,0.016602326184511185,0.014788377098739147,0.013738114386796951,0.014938507229089737,0.016274284571409225,0.015283968299627304,0.017395921051502228,0.01618662104010582,0.016788318753242493,0.015716567635536194,0.016492322087287903,0.014055807143449783,0.015209915116429329,0.015175105072557926,0.01664135418832302,0.014647580683231354,0.01684054732322693,0.01769070327281952,0.016522014513611794,0.01668355241417885,0.01653454266488552,0.015658490359783173,0.01652984321117401,0.01616956852376461,0.015587071888148785,0.016276638954877853,0.016060156747698784,0.01664038561284542,0.01553744450211525,0.016867296770215034,0.01657351851463318,0.016833998262882233,0.015849752351641655
FZ,0.016509784385561943,0.016270490363240242,0.016470884904265404,0.01675262115895748,0.016427086666226387,0.014840818010270596,0.015132235363125801,0.015408724546432495,0.016824988648295403,0.021076789125800133,0.01699116639792919,0.017333505675196648,0.016318388283252716,0.01507660560309887,0.016036827117204666,0.015709035098552704,0.016896182671189308,0.01768447272479534,0.016795944422483444,0.016015533357858658,0.015156392008066177,0.01625654473900795,0.01542947068810463,0.014009120874106884,0.015617749653756618,0.0159926600754261,0.015382187440991402,0.01578577049076557,0.01652105525135994,0.015695149078965187,0.014148470014333725,0.014388326555490494,0.014332561753690243,0.015755094587802887,0.016199203208088875,0.01614239439368248,0.01595158502459526,0.016435924917459488,0.016400059685111046,0.016100378707051277,0.014547179453074932,0.015444229356944561,0.01564905047416687,0.016967950388789177,0.015136881731450558,0.01657870225608349,0.01684562861919403,0.016225486993789673,0.01660982333123684,0.016541656106710434,0.015895072370767593,0.01648769900202751,0.016519669443368912,0.015950480476021767,0.016576699912548065,0.016284985467791557,0.016343669965863228,0.01589062809944153,0.017049012705683708,0.016952255740761757,0.016991999000310898,0.01623843051493168
F2,0.01606091856956482,0.01599062606692314,0.016206935048103333,0.016573011875152588,0.016781236976385117,0.014307569712400436,0.014948985539376736,0.015643829479813576,0.017761044204235077,0.01761440560221672,0.021859193220734596,0.016645023599267006,0.016542771831154823,0.015478589572012424,0.015476681292057037,0.015231809578835964,0.016849588602781296,0.017558766528964043,0.017740754410624504,0.016326071694493294,0.015570428222417831,0.015947045758366585,0.01469297707080841,0.013903160579502583,0.015081381425261497,0.016359476372599602,0.016413437202572823,0.014987225644290447,0.016024816781282425,0.016061164438724518,0.014770731329917908,0.013608542270958424,0.014704739674925804,0.016115549951791763,0.015894657000899315,0.017026258632540703,0.016199493780732155,0.016794048249721527,0.016679970547556877,0.016065223142504692,0.01444869115948677,0.014891551807522774,0.01591663807630539,0.016817167401313782,0.014746913686394691,0.01689356192946434,0.01732410490512848,0.01615726761519909,0.016121603548526764,0.01608981378376484,0.016377737745642662,0.017009012401103973,0.016179457306861877,0.015782557427883148,0.016083436086773872,0.015660926699638367,0.016450172290205956,0.016413815319538116,0.017100395634770393,0.01683102548122406,0.016531534492969513,0.0156745295971632
F4,0.015470588579773903,0.015227054245769978,0.016229812055826187,0.016585709527134895,0.016680723056197166,0.014206137508153915,0.016286123543977737,0.015128927305340767,0.016405543312430382,0.017114905640482903,0.015855293720960617,0.02079610899090767,0.01744099147617817,0.01632816158235073,0.017027320340275764,0.01596112735569477,0.016139663755893707,0.016891229897737503,0.016262589022517204,0.01663898304104805,0.01642816886305809,0.01709141954779625,0.01541930716484785,0.01472316961735487,0.016192039474844933,0.016991334035992622,0.014955067075788975,0.015661634504795074,0.015900753438472748,0.016763608902692795,0.014693778939545155,0.014330485835671425,0.01434365101158619,0.01584956794977188,0.01630505733191967,0.015956807881593704,0.015462449751794338,0.016143815591931343,0.015424088574945927,0.01582346111536026,0.014359192922711372,0.015431741252541542,0.015565040521323681,0.017063522711396217,0.01462796051055193,0.016175195574760437,0.01632663980126381,0.01651078462600708,0.016734570264816284,0.01737486571073532,0.015698913484811783,0.016802284866571426,0.01651982218027115,0.016035817563533783,0.016720067709684372,0.01656157150864601,0.01684480719268322,0.015075593255460262,0.016051221638917923,0.016282882541418076,0.01732506975531578,0.016775159165263176
F6,0.016080185770988464,0.015052192844450474,0.016833873465657234,0.016264714300632477,0.015991467982530594,0.013996504247188568,0.01634244993329048,0.01517289225012064,0.01589358225464821,0.016629837453365326,0.01627413183450699,0.01802993007004261,0.021526901051402092,0.017421161755919456,0.01721694879233837,0.016626855358481407,0.016163121908903122,0.016700688749551773,0.016053838655352592,0.016723403707146645,0.016204707324504852,0.017233770340681076,0.01635458506643772,0.01471953559666872,0.016655242070555687,0.016145076602697372,0.015433426015079021,0.014747102744877338,0.015921825543045998,0.016116945073008537,0.015237148851156235,0.014620909467339516,0.014395267702639103,0.015837913379073143,0.01611832156777382,0.01550157368183136,0.014939813874661922,0.016400493681430817,0.016065606847405434,0.016019783914089203,0.014578137546777725,0.015412865206599236,0.01571887917816639,0.0168076753616333,0.014938694424927235,0.01620655320584774,0.01635645516216755,0.015945693477988243,0.016794594004750252,0.01675179973244667,0.01606309413909912,0.016926176846027374,0.016075463965535164,0.015693677589297295,0.01658424362540245,0.01623823121190071,0.01688827946782112,0.015292101539671421,0.01605566218495369,0.016294950619339943,0.016724104061722755,0.015989389270544052
F8,0.01525192055851221,0.014215908944606781,0.015459468588232994,0.015589694492518902,0.015635399147868156,0.014059330336749554,0.0164117943495512,0.015127635560929775,0.015975920483469963,0.01581735722720623,0.015673954039812088,0.017366159707307816,0.017943577840924263,0.022207271307706833,0.01683492213487625,0.015749573707580566,0.015843411907553673,0.0159442275762558,0.015461758710443974,0.016179533675312996,0.017768986523151398,0.01835799030959606,0.017177503556013107,0.016537940129637718,0.016463488340377808,0.016442392021417618,0.015247580595314503,0.01487711537629366,0.015981877222657204,0.017087168991565704,0.016401095315814018,0.01574847660958767,0.015380778349936008,0.015967529267072678,0.015473642386496067,0.015728339552879333,0.015214885585010052,0.016283707693219185,0.015526169911026955,0.016257675364613533,0.015863826498389244,0.015835629776120186,0.015827788040041924,0.016285985708236694,0.014770163223147392,0.015998363494873047,0.016190573573112488,0.015923094004392624,0.016798943281173706,0.01718911901116371,0.015615089796483517,0.016222648322582245,0.01545941922813654,0.015488439239561558,0.01677718386054039,0.016285868361592293,0.01697123609483242,0.015362306497991085,0.01543548796325922,0.016106922179460526,0.01673770882189274,0.016181254759430885
FT7,0.0154946967959404,0.014715884812176228,0.01615728996694088,0.01632077619433403,0.015612135641276836,0.014473055489361286,0.016819166019558907,0.015429679304361343,0.015704035758972168,0.0163380429148674,0.015210852026939392,0.01756928861141205,0.017198188230395317,0.01634332537651062,0.021474778652191162,0.017686951905488968,0.016327572986483574,0.016625283285975456,0.015583452768623829,0.015778889879584312,0.01638009212911129,0.017377320677042007,0.01668415032327175,0.015955263748764992,0.017146170139312744,0.016601787880063057,0.014969255775213242,0.015688132494688034,0.015393387526273727,0.016695398837327957,0.014867142774164677,0.014854068867862225,0.014528919011354446,0.016515487805008888,0.01628035306930542,0.01542690210044384,0.014802227728068829,0.015564368106424809,0.015677155926823616,0.016194378957152367,0.014372059144079685,0.015952657908201218,0.01568382792174816,0.01652408391237259,0.015091047622263432,0.015644250437617302,0.01602843962609768,0.016130231320858,0.01691567711532116,0.017373379319906235,0.015766913071274757,0.01647220179438591,0.016600925475358963,0.01632033847272396,0.016583792865276337,0.016605427488684654,0.016757598146796227,0.015402975492179394,0.01611538790166378,0.016095682978630066,0.016703009605407715,0.016395507380366325
FC5,0.015835877507925034,0.014443039894104004,0.016018381342291832,0.016381431370973587,0.01597975194454193,0.015453831292688847,0.016496464610099792,0.015709418803453445,0.015042525716125965,0.016312899067997932,0.015264748595654964,0.016770459711551666,0.01689818501472473,0.01555497944355011,0.017994757741689682,0.02206573635339737,0.016142820939421654,0.01626867800951004,0.01525226142257452,0.01584511250257492,0.015590013936161995,0.016063367947936058,0.01616917923092842,0.015169534832239151,0.0173847246915102,0.016467710956931114,0.014938105829060078,0.015437480062246323,0.015301457606256008,0.016118859872221947,0.01528016198426485,0.014829058200120926,0.014813589863479137,0.016423765569925308,0.017049452289938927,0.015002499334514141,0.015184318646788597,0.01552270632237196,0.016277428716421127,0.015812570229172707,0.014850708656013012,0.015801450237631798,0.017164332792162895,0.016924399882555008,0.015296224504709244,0.015458241105079651,0.015612679533660412,0.016803648322820663,0.016720544546842575,0.0165163092315197,0.01645922288298607,0.01655513234436512,0.016779977828264236,0.016306955367326736,0.016639120876789093,0.016706055030226707,0.01674078218638897,0.01617369055747986,0.016110824421048164,0.01610417291522026,0.016762645915150642,0.016946228221058846
FC3,0.015389882028102875,0.015354531817138195,0.015619147568941116,0.015504853799939156,0.016673630103468895,0.015042806044220924,0.015495195053517818,0.015650318935513496,0.01717347651720047,0.017284264788031578,0.016648292541503906,0.016721609979867935,0.016219250857830048,0.015445109456777573,0.016398778185248375,0.015917539596557617,0.021612703800201416,0.017825113609433174,0.015676047652959824,0.01572358049452305,0.015780353918671608,0.016386330127716064,0.015656787902116776,0.014745455235242844,0.0159533079713583,0.017558321356773376,0.016002900898456573,0.015597936697304249,0.016040772199630737,0.016134606674313545,0.014861725270748138,0.014521239325404167,0.015448756515979767,0.01663111336529255,0.015650544315576553,0.01661103218793869,0.015611568465828896,0.01594706065952778,0.0162751954048872,0.0163724385201931,0.014627030119299889,0.015343576669692993,0.015659840777516365,0.016241295263171196,0.01455404981970787,0.016670191660523415,0.016382794827222824,0.01622372306883335,0.016627727076411247,0.016353923827409744,0.01628120057284832,0.01613873615860939,0.016417695209383965,0.0159648135304451,0.016437899321317673,0.016225602477788925,0.016475453972816467,0.01550098042935133,0.016758659854531288,0.016747290268540382,0.016840700060129166,0.01636315882205963
FC1,0.015267225913703442,0.01525215432047844,0.015902934595942497,0.01626555435359478,0.01633758284151554,0.014030387625098228,0.015487901866436005,0.016131708398461342,0.017817044630646706,0.01770680956542492,0.016966845840215683,0.017131013795733452,0.0164063461124897,0.015215431340038776,0.016335314139723778,0.01569208689033985,0.017446456477046013,0.02110050991177559,0.016866084188222885,0.0167428907006979,0.015361649915575981,0.015858789905905724,0.01499086432158947,0.014133589342236519,0.015688899904489517,0.016678957268595695,0.016257809475064278,0.015390385873615742,0.015957701951265335,0.016230108216404915,0.014833483844995499,0.013835524208843708,0.014394840225577354,0.01649700105190277,0.015784261748194695,0.016523487865924835,0.01568594202399254,0.016445089131593704,0.01611480489373207,0.01653018407523632,0.014128711074590683,0.015557268634438515,0.015335779637098312,0.01665603555738926,0.015015861950814724,0.016825372353196144,0.01699061691761017,0.01647593453526497,0.016969965770840645,0.016304675489664078,0.015878047794103622,0.016638416796922684,0.016690656542778015,0.0160405021160841,0.016529949381947517,0.01626591943204403,0.016441302374005318,0.015540257096290588,0.01685415394604206,0.016619134694337845,0.01676190458238125,0.016183706000447273
FCZ,0.015637166798114777,0.015242100693285465,0.01566222310066223,0.01729203760623932,0.015690380707383156,0.014052672311663628,0.015332319773733616,0.015895413234829903,0.017538564279675484,0.01747172325849533,0.01781013235449791,0.017130302265286446,0.01637393608689308,0.015345197170972824,0.015898078680038452,0.015264814719557762,0.015937238931655884,0.01751791313290596,0.02206149883568287,0.016578929498791695,0.015611948445439339,0.016342893242836,0.014400677755475044,0.013985644094645977,0.015334723517298698,0.016063736751675606,0.016214322298765182,0.015395448543131351,0.016392193734645844,0.016358179971575737,0.0146456528455019,0.01359148882329464,0.014614086598157883,0.016064336523413658,0.016330642625689507,0.01706656813621521,0.01656705141067505,0.016777532175183296,0.01603403501212597,0.01604205183684826,0.014345257543027401,0.015133584849536419,0.015867074951529503,0.017837733030319214,0.014866980724036694,0.016322756186127663,0.017451472580432892,0.01613803580403328,0.016160104423761368,0.016871094703674316,0.015692515298724174,0.01747245341539383,0.015813583508133888,0.015981176868081093,0.016394177451729774,0.015862315893173218,0.016717825084924698,0.016214869916439056,0.01648670993745327,0.016521122306585312,0.01648496650159359,0.015798060223460197
FC2,0.015204180032014847,0.014952292665839195,0.016064701601862907,0.01600310020148754,0.015929365530610085,0.013788552954792976,0.01615077070891857,0.016023047268390656,0.016402965411543846,0.01669912226498127,0.016446908935904503,0.017566191032528877,0.01708262413740158,0.01605726219713688,0.01615678146481514,0.015905192121863365,0.016022687777876854,0.017445523291826248,0.01660115271806717,0.02217254787683487,0.01615883968770504,0.016079071909189224,0.015263445675373077,0.01441697683185339,0.015991205349564552,0.01609940640628338,0.015928087756037712,0.014881651848554611,0.016634223982691765,0.01640535518527031,0.01578718051314354,0.01431870274245739,0.014370406046509743,0.016352733597159386,0.015705332159996033,0.016010936349630356,0.01534045860171318,0.016483329236507416,0.015856489539146423,0.01655355468392372,0.014805628918111324,0.01595730520784855,0.015681419521570206,0.016628604382276535,0.015277025289833546,0.016576237976551056,0.016392290592193604,0.016320427879691124,0.017044231295585632,0.016225216910243034,0.015604701824486256,0.01683799736201763,0.016369326040148735,0.016461392864584923,0.017039654776453972,0.01629946567118168,0.016527652740478516,0.015142633579671383,0.015873592346906662,0.016294104978442192,0.01654830016195774,0.0167794581502676
FC4,0.014948505908250809,0.014160269871354103,0.015195697546005249,0.015458307228982449,0.01567043736577034,0.014037655666470528,0.016007816419005394,0.015316536650061607,0.016018057242035866,0.01575624756515026,0.01563284359872341,0.01731114648282528,0.01650742068886757,0.017600009217858315,0.016726287081837654,0.015627020969986916,0.016042262315750122,0.015958910807967186,0.015605347231030464,0.01611725613474846,0.021983619779348373,0.018150564283132553,0.016531173139810562,0.01643703132867813,0.01595965586602688,0.017054358497262,0.014970156364142895,0.0154842808842659,0.016013484448194504,0.018489187583327293,0.016207443550229073,0.014757064171135426,0.015031296759843826,0.016641804948449135,0.015512947924435139,0.016362439841032028,0.015559755265712738,0.01607385464012623,0.01584041304886341,0.016447335481643677,0.01540957298129797,0.015607024542987347,0.016058525070548058,0.01625657267868519,0.014275101944804192,0.01571611315011978,0.016386758536100388,0.016381477937102318,0.016754455864429474,0.01742430217564106,0.015940606594085693,0.016012566164135933,0.015726013109087944,0.016209376975893974,0.01662943884730339,0.01632569544017315,0.016836870461702347,0.015627630054950714,0.015790022909641266,0.016096903011202812,0.016957901418209076,0.016371482983231544
FC6,0.01521945558488369,0.01457455474883318,0.01537765096873045,0.016091255471110344,0.015619203448295593,0.014463014900684357,0.0162114966660738,0.014874921180307865,0.016058631241321564,0.01654084585607052,0.015656856819987297,0.01761356182396412,0.017182258889079094,0.0177746694535017,0.017352065071463585,0.01573934778571129,0.016298070549964905,0.01611437276005745,0.01597808301448822,0.015698058530688286,0.017747916281223297,0.021467745304107666,0.01675644889473915,0.015954071655869484,0.016220446676015854,0.01657629758119583,0.015008687041699886,0.015688085928559303,0.0164435263723135,0.01763046905398369,0.015242073684930801,0.01541273482143879,0.014932066202163696,0.016039501875638962,0.015957845374941826,0.01614086702466011,0.015505156479775906,0.016072561964392662,0.015548914670944214,0.016033228486776352,0.014967754483222961,0.015651945024728775,0.015759315341711044,0.01686035841703415,0.014396140351891518,0.015673017129302025,0.01633785478770733,0.015966342762112617,0.01659488119184971,0.01836809329688549,0.015443872660398483,0.01648985594511032,0.015541034750640392,0.01551650371402502,0.016419779509305954,0.01632404513657093,0.016964245587587357,0.015387400984764099,0.015720603987574577,0.016005614772439003,0.016746439039707184,0.016047749668359756
FT8,0.015687379986047745,0.014683902263641357,0.01583024673163891,0.015254925936460495,0.015631508082151413,0.014644203707575798,0.015566370449960232,0.014904763549566269,0.01521441712975502,0.016291752457618713,0.014979230239987373,0.016512230038642883,0.016952678561210632,0.017280450090765953,0.017306510359048843,0.016472265124320984,0.016166923567652702,0.015824737027287483,0.014627094380557537,0.01545293815433979,0.016790838912129402,0.0174042247235775,0.022298866882920265,0.016376545652747154,0.016798047348856926,0.016096292063593864,0.014563694596290588,0.015296288765966892,0.015992963686585426,0.016569621860980988,0.015849033370614052,0.01673508621752262,0.015085340477526188,0.016108371317386627,0.015692733228206635,0.015326056629419327,0.015022720210254192,0.015998562797904015,0.016143303364515305,0.017042433843016624,0.015611827373504639,0.016356773674488068,0.01621931418776512,0.016140516847372055,0.01533657219260931,0.015971427783370018,0.015938423573970795,0.016255460679531097,0.01740887574851513,0.01676362194120884,0.016086570918560028,0.015740809962153435,0.01636921800673008,0.015783950686454773,0.01663558930158615,0.01681085303425789,0.01654595136642456,0.015797872096300125,0.016109174117445946,0.016472576186060905,0.016943715512752533,0.016225196421146393
T7,0.014698531478643417,0.013605397194623947,0.014718741178512573,0.015151864849030972,0.015256136655807495,0.014536072500050068,0.0163938719779253,0.015225154347717762,0.01539921760559082,0.015393635258078575,0.014754313975572586,0.016383850947022438,0.015886494889855385,0.017305027693510056,0.017237843945622444,0.01609603315591812,0.015852971002459526,0.015521025285124779,0.014772653579711914,0.015167878940701485,0.017356310039758682,0.017248185351490974,0.017091158777475357,0.023279402405023575,0.017732756212353706,0.016793115064501762,0.014709622599184513,0.015456173568964005,0.015337669290602207,0.01699095033109188,0.01670815236866474,0.017186202108860016,0.017439140006899834,0.017138350754976273,0.015502996742725372,0.01580490730702877,0.01513618789613247,0.015586260706186295,0.015625085681676865,0.01629994809627533,0.016865774989128113,0.016326583921909332,0.016519036144018173,0.016033029183745384,0.014753268100321293,0.0155350212007761,0.015815936028957367,0.01610993593931198,0.0166464950889349,0.017231302335858345,0.016063731163740158,0.015846924856305122,0.015623240731656551,0.01595817692577839,0.016719579696655273,0.016388632357120514,0.016921089962124825,0.01590924710035324,0.015531131997704506,0.016186555847525597,0.016782565042376518,0.016453523188829422
C5,0.014970400370657444,0.013886066153645515,0.01513811107724905,0.015736334025859833,0.01550722774118185,0.014577037654817104,0.01624041609466076,0.015139811672270298,0.01504163071513176,0.015979841351509094,0.014892825856804848,0.016780223697423935,0.01671874150633812,0.016036290675401688,0.017232919111847878,0.017145181074738503,0.015961170196533203,0.01603645458817482,0.015099563635885715,0.015679916366934776,0.015704818069934845,0.016317538917064667,0.016265973448753357,0.01647951826453209,0.021612292155623436,0.016596943140029907,0.014849552884697914,0.015036316588521004,0.015423917211592197,0.016052763909101486,0.01651851460337639,0.015920422971248627,0.016041137278079987,0.01694079488515854,0.017294729128479958,0.015272394753992558,0.014954164624214172,0.015635669231414795,0.015993645414710045,0.016159741207957268,0.015627920627593994,0.016282880678772926,0.017136091366410255,0.01693878322839737,0.015391121618449688,0.01583855040371418,0.01571131870150566,0.01628660038113594,0.01711905561387539,0.016838766634464264,0.016652433201670647,0.016821561381220818,0.015986202284693718,0.0158462543040514,0.01710481196641922,0.017023704946041107,0.017166990786790848,0.015775851905345917,0.01563827320933342,0.01623459905385971,0.016950441524386406,0.01675662212073803
C3,0.014672186225652695,0.014304590411484241,0.015178583562374115,0.015353379771113396,0.016874859109520912,0.014395873062312603,0.015684714540839195,0.0149649977684021,0.01640484854578972,0.016070647165179253,0.015872802585363388,0.01728806644678116,0.015913579612970352,0.015743281692266464,0.016370534896850586,0.01592601090669632,0.017237849533557892,0.0167440976947546,0.015512758865952492,0.015520848333835602,0.016463380306959152,0.016364963725209236,0.015296228229999542,0.015339151956140995,0.01629052683711052,0.021189207211136818,0.015512160025537014,0.01554818730801344,0.015279344283044338,0.017223678529262543,0.01573294959962368,0.014200958423316479,0.015259291045367718,0.01686379313468933,0.016137614846229553,0.017006423324346542,0.015928691253066063,0.01623462326824665,0.015967383980751038,0.01617833971977234,0.014757540076971054,0.015328560024499893,0.016410715878009796,0.016712509095668793,0.014250727370381355,0.016468822956085205,0.016461139544844627,0.01717015728354454,0.016828380525112152,0.0167713426053524,0.01681560091674328,0.016342243179678917,0.016626423224806786,0.015884418040513992,0.016607655212283134,0.016717366874217987,0.01694764569401741,0.01564319245517254,0.016408255323767662,0.01637914776802063,0.017613083124160767,0.01680321991443634
C1,0.015452535822987556,0.01518145389854908,0.015549645759165287,0.01591520383954048,0.01582832634449005,0.013914978131651878,0.015608073212206364,0.015877630561590195,0.016942370682954788,0.016753174364566803,0.017225470393896103,0.016505612060427666,0.016490012407302856,0.01578798145055771,0.016030948609113693,0.01571052148938179,0.017048103734850883,0.017700716853141785,0.016958635300397873,0.0166765246540308,0.015663987025618553,0.016049038618803024,0.014996277168393135,0.01456357166171074,0.015808183699846268,0.016808701679110527,0.023260967805981636,0.015069663524627686,0.016976013779640198,0.015950465574860573,0.015180096961557865,0.014076227322220802,0.014909947291016579,0.016335379332304,0.015761598944664,0.016972793266177177,0.0156397745013237,0.017178384587168694,0.01631605066359043,0.016420511528849602,0.014734577387571335,0.015070856548845768,0.01569884642958641,0.016612131148576736,0.014871013350784779,0.016856249421834946,0.017110297456383705,0.016118453815579414,0.016336048021912575,0.016108546406030655,0.015801573172211647,0.016492117196321487,0.015766728669404984,0.015881681814789772,0.01641051657497883,0.015802321955561638,0.01644742302596569,0.01564539410173893,0.01632295362651348,0.016540491953492165,0.016409466043114662,0.015866369009017944
CZ,0.015444247052073479,0.014454829506576061,0.015201395377516747,0.01698317937552929,0.01628032699227333,0.01570713333785534,0.01571613736450672,0.015173706226050854,0.016200054436922073,0.016948018223047256,0.01552968006581068,0.017043763771653175,0.01551744807511568,0.015222464688122272,0.016542043536901474,0.01594076305627823,0.016376826912164688,0.016485437750816345,0.015896646305918694,0.01529195811599493,0.015998683869838715,0.016581447795033455,0.015545884147286415,0.015119907446205616,0.015775425359606743,0.016635725274682045,0.014841184951364994,0.022853955626487732,0.015950970351696014,0.016798993572592735,0.014908869750797749,0.014906907454133034,0.015505624003708363,0.01586058735847473,0.016605494543910027,0.016219230368733406,0.016306281089782715,0.015838170424103737,0.015765195712447166,0.016118621453642845,0.01474413275718689,0.015853730961680412,0.016026495024561882,0.01684422791004181,0.01508530043065548,0.015561391599476337,0.016284113749861717,0.016781089827418327,0.016709206625819206,0.017229970544576645,0.01588527299463749,0.016041265800595284,0.01640097051858902,0.015919001772999763,0.016452521085739136,0.017397357150912285,0.01659891940653324,0.016415419057011604,0.016210224479436874,0.015917912125587463,0.016912613064050674,0.01663656160235405
C2,0.015602619387209415,0.015233101323246956,0.015379811637103558,0.01602112129330635,0.015493487007915974,0.014530668035149574,0.015110945329070091,0.015292655676603317,0.016132814809679985,0.017377370968461037,0.016255460679531097,0.016944298520684242,0.016412779688835144,0.015981685370206833,0.01588253490626812,0.015475898049771786,0.016497908160090446,0.01675865799188614,0.01656656339764595,0.01677078939974308,0.01618369296193123,0.016980167478322983,0.01592690497636795,0.014687510207295418,0.015863845124840736,0.016013802960515022,0.016386792063713074,0.015662360936403275,0.022357607260346413,0.01636182889342308,0.01542107854038477,0.015215487219393253,0.014812050387263298,0.015956396237015724,0.015963168814778328,0.016277503222227097,0.015891525894403458,0.0169067420065403,0.016502423211932182,0.016522720456123352,0.015491309575736523,0.015680968761444092,0.01562761515378952,0.01658961921930313,0.01480683870613575,0.016281912103295326,0.016470400616526604,0.015920033678412437,0.016432296484708786,0.016647204756736755,0.015488441102206707,0.01628483645617962,0.015729118138551712,0.01606108248233795,0.0167169701308012,0.016301287338137627,0.016469106078147888,0.015734000131487846,0.016067860648036003,0.016709772869944572,0.01655515469610691,0.016319775953888893
C4,0.014655599370598793,0.013812913559377193,0.01501833088696003,0.01565646193921566,0.016106130555272102,0.014179584570229053,0.015657875686883926,0.015076136216521263,0.01628129556775093,0.015816325321793556,0.015613483265042305,0.01710815541446209,0.015919474884867668,0.016400108113884926,0.01651018299162388,0.015638722106814384,0.015890229493379593,0.016332698985934258,0.01583597995340824,0.015835268422961235,0.017884252592921257,0.017455467954277992,0.015793582424521446,0.015570051036775112,0.015813399106264114,0.017275631427764893,0.014768310822546482,0.015741979703307152,0.015672121196985245,0.02124102972447872,0.016136204823851585,0.014474029652774334,0.014911866746842861,0.016567714512348175,0.016067270189523697,0.016690805554389954,0.015867410227656364,0.01620982401072979,0.016055095940828323,0.016747385263442993,0.014746573753654957,0.015710346400737762,0.016110729426145554,0.0168742798268795,0.014585539698600769,0.0158785842359066,0.016596052795648575,0.017179399728775024,0.01733407750725746,0.01763247326016426,0.01615286059677601,0.016475409269332886,0.016309315338730812,0.015870798379182816,0.016580944880843163,0.01684945449233055,0.016979193314909935,0.015849273651838303,0.016138488426804543,0.016070159152150154,0.017242450267076492,0.016545262187719345
C6,0.014383777976036072,0.013116265647113323,0.01435496099293232,0.015205850824713707,0.01553559210151434,0.014258713461458683,0.015494982711970806,0.0154960285872221,0.015398010611534119,0.01511661522090435,0.015233173035085201,0.015918893739581108,0.015977801755070686,0.016688091680407524,0.015585233457386494,0.01570766419172287,0.015505114570260048,0.015840135514736176,0.015054224990308285,0.016177741810679436,0.016651323065161705,0.01602037623524666,0.016006460413336754,0.01622622273862362,0.01725621521472931,0.016724422574043274,0.01491148304194212,0.014847995713353157,0.015678338706493378,0.017131034284830093,0.02260393649339676,0.01576583832502365,0.016289472579956055,0.01729944720864296,0.016267413273453712,0.015688732266426086,0.015483692288398743,0.015842216089367867,0.016735395416617393,0.017138637602329254,0.017168667167425156,0.01649628020823002,0.017161773517727852,0.01622689515352249,0.015067396685481071,0.015724292024970055,0.01584107242524624,0.016985757276415825,0.017378056421875954,0.016358520835638046,0.017281027510762215,0.0165902990847826,0.015874352306127548,0.016027914360165596,0.017265936359763145,0.016898786649107933,0.017223864793777466,0.016187848523259163,0.015704641118645668,0.016160735860466957,0.016950028017163277,0.016808699816465378
T8,0.01498444750905037,0.014394096098840237,0.014950238168239594,0.015273292548954487,0.015519164502620697,0.01532717514783144,0.015751158818602562,0.014971055090427399,0.01501782238483429,0.016176117584109306,0.01476354245096445,0.016306346282362938,0.016113435849547386,0.016850683838129044,0.016362007707357407,0.01602070964872837,0.01595841348171234,0.01552609819918871,0.014675556682050228,0.015408636070787907,0.01594487577676773,0.017027225345373154,0.01781989261507988,0.017498545348644257,0.01745644211769104,0.015874074772000313,0.014542206190526485,0.015558045357465744,0.01628565602004528,0.016125859692692757,0.016602156683802605,0.02389535866677761,0.017059819772839546,0.01607421226799488,0.015545861795544624,0.01517570298165083,0.015039105899631977,0.015527384355664253,0.015928899869322777,0.016759563237428665,0.017033636569976807,0.016944920644164085,0.016307389363646507,0.016043290495872498,0.015727102756500244,0.015760274603962898,0.01539660058915615,0.015869013965129852,0.01693902164697647,0.01696559228003025,0.015984399244189262,0.015912339091300964,0.01594563014805317,0.015752773731946945,0.016970261931419373,0.01673281565308571,0.016977109014987946,0.015647131949663162,0.015389638021588326,0.01627664640545845,0.01658378168940544,0.016749802976846695
TP7,0.014664547517895699,0.013363087549805641,0.014202537015080452,0.015771502628922462,0.015520147047936916,0.014903144910931587,0.015240871347486973,0.015342502854764462,0.015898585319519043,0.015674540773034096,0.01552705280482769,0.01586807891726494,0.015435670502483845,0.015974529087543488,0.015601400285959244,0.015639809891581535,0.016538865864276886,0.01572270318865776,0.015339321456849575,0.015030396170914173,0.01579722948372364,0.01602451503276825,0.01563284732401371,0.017405390739440918,0.017195727676153183,0.016614748165011406,0.014985879883170128,0.01578381098806858,0.015368914231657982,0.016174251213669777,0.01670212112367153,0.01668311282992363,0.02327127568423748,0.017433784902095795,0.015984605997800827,0.016068629920482635,0.0156025942414999,0.015563675202429295,0.016137056052684784,0.01650123856961727,0.017079295590519905,0.01649049110710621,0.017171544954180717,0.01646512933075428,0.015224187634885311,0.015627654269337654,0.015911631286144257,0.016398008912801743,0.01648615673184395,0.016880566254258156,0.016940191388130188,0.016560567542910576,0.015550064854323864,0.015776729211211205,0.016971733421087265,0.016565559431910515,0.017355909571051598,0.016686776652932167,0.015906179323792458,0.01634122245013714,0.016898954287171364,0.016520293429493904
CP5,0.014696907252073288,0.014025437645614147,0.014841674827039242,0.015440286137163639,0.015398266725242138,0.014065640978515148,0.015437085181474686,0.015645822510123253,0.016004318371415138,0.015921037644147873,0.0157155804336071,0.01621950976550579,0.015696199610829353,0.015367982909083366,0.016390129923820496,0.016006851568818092,0.016424348577857018,0.0166549663990736,0.015604563988745213,0.015815384685993195,0.01615859568119049,0.015935217961668968,0.015402532182633877,0.015750663354992867,0.016720963642001152,0.01696178689599037,0.015161496587097645,0.014942964538931847,0.015335360541939735,0.016611497849225998,0.016365844756364822,0.014455355703830719,0.016078419983386993,0.02133287489414215,0.016172971576452255,0.016237594187259674,0.015396155416965485,0.015561213716864586,0.016368135809898376,0.016787711530923843,0.015608659014105797,0.01660345308482647,0.016888199374079704,0.016571884974837303,0.015117385424673557,0.016022391617298126,0.01630435697734356,0.01668374054133892,0.016950378194451332,0.016569549217820168,0.016898958012461662,0.017096955329179764,0.016691630706191063,0.016711747273802757,0.01705644279718399,0.016473492607474327,0.01696931943297386,0.016476958990097046,0.016790103167295456,0.01680949330329895,0.017013775184750557,0.016581783071160316
CP3,0.01532943919301033,0.014167015440762043,0.015019812621176243,0.017171254381537437,0.015801195055246353,0.014919508248567581,0.015517497435212135,0.014729661867022514,0.015199664980173111,0.016582801938056946,0.015675673261284828,0.016900870949029922,0.016177376732230186,0.015080343931913376,0.01634545810520649,0.016776015982031822,0.015632204711437225,0.016121281310915947,0.01605723239481449,0.0154039291664958,0.015254060737788677,0.016037389636039734,0.015184477902948856,0.01441572979092598,0.017291132360696793,0.01641855016350746,0.014773036353290081,0.01579720340669155,0.015501977875828743,0.016302475705742836,0.015551986172795296,0.01418226771056652,0.014934164471924305,0.016360528767108917,0.02157205156981945,0.01574498601257801,0.016003506258130074,0.01570807956159115,0.016640231013298035,0.015704557299613953,0.014980156905949116,0.015981338918209076,0.017745662480592728,0.01831613853573799,0.015666309744119644,0.015546001493930817,0.01598534733057022,0.016866173595190048,0.016893357038497925,0.017043931409716606,0.016877079382538795,0.017649881541728973,0.016273854300379753,0.016042564064264297,0.016775047406554222,0.017221271991729736,0.01695137657225132,0.0171350110322237,0.016168806701898575,0.016204630956053734,0.0170404314994812,0.01664922758936882
CP1,0.014921932481229305,0.014703926630318165,0.015142057090997696,0.015662431716918945,0.0163348987698555,0.01413758471608162,0.015066034160554409,0.014919430017471313,0.017414798960089684,0.016605041921138763,0.01689920760691166,0.016619866713881493,0.015633944422006607,0.01541933137923479,0.015568078495562077,0.014841809868812561,0.01669648475944996,0.01697409525513649,0.016870694234967232,0.015787260606884956,0.016169259324669838,0.016305599361658096,0.014909266494214535,0.014786779880523682,0.015347600914537907,0.017410434782505035,0.01605074666440487,0.015531298704445362,0.015909405425190926,0.017038101330399513,0.01510211918503046,0.013899249024689198,0.015114457346498966,0.016521461308002472,0.015842489898204803,0.02171904407441616,0.01671287603676319,0.01732061430811882,0.016246400773525238,0.016354607418179512,0.014518996700644493,0.01525097992271185,0.01600932702422142,0.017234906554222107,0.014647018164396286,0.017054656520485878,0.017721327021718025,0.016789861023426056,0.016694124788045883,0.01680481992661953,0.016262153163552284,0.016778407618403435,0.016088739037513733,0.01579786278307438,0.016422942280769348,0.016124313697218895,0.016754668205976486,0.01589926891028881,0.016731100156903267,0.01667202077805996,0.017128022387623787,0.016102613881230354
CPZ,0.015398366376757622,0.014519593678414822,0.015141469426453114,0.0163262952119112,0.016456715762615204,0.014643211849033833,0.015080002136528492,0.015365790575742722,0.016592564061284065,0.01680728606879711,0.016468215733766556,0.016503920778632164,0.015443277545273304,0.015274926088750362,0.015309923328459263,0.01538127288222313,0.016074880957603455,0.01649143174290657,0.016725363209843636,0.015474752523005009,0.015753721818327904,0.016055401414632797,0.014977864921092987,0.014506167732179165,0.015395602211356163,0.016714045777916908,0.0151215810328722,0.0160133745521307,0.015881698578596115,0.0165889710187912,0.01524808257818222,0.014112832024693489,0.015026293694972992,0.01603572629392147,0.01649264618754387,0.017111482098698616,0.02236420288681984,0.016785934567451477,0.016115961596369743,0.01602037250995636,0.014937680214643478,0.015351534821093082,0.016713572666049004,0.017516516149044037,0.015146171674132347,0.016799652948975563,0.017100168392062187,0.017174452543258667,0.016587361693382263,0.016505638137459755,0.01635645143687725,0.01682417467236519,0.016192223876714706,0.015762658789753914,0.01656489074230194,0.016588494181632996,0.016537917777895927,0.01668565534055233,0.016705991700291634,0.01658143475651741,0.017258865758776665,0.016307631507515907
CP2,0.015609381720423698,0.01469724252820015,0.01574806682765484,0.01565004512667656,0.016141114756464958,0.013906394131481647,0.015035189688205719,0.01477018091827631,0.01673404686152935,0.016843490302562714,0.016597816720604897,0.016752637922763824,0.016476904973387718,0.015877466648817062,0.01565747708082199,0.01528993621468544,0.015984369441866875,0.016831932589411736,0.016515590250492096,0.016186900436878204,0.01582225412130356,0.01617385633289814,0.015506469644606113,0.014518448151648045,0.015665100887417793,0.016559943556785583,0.016158634796738625,0.015134481713175774,0.016470694914460182,0.01648983545601368,0.01517776120454073,0.014156187884509563,0.014602582901716232,0.015788819640874863,0.015744518488645554,0.01725555583834648,0.01631316728889942,0.021613439545035362,0.01667691022157669,0.01647975668311119,0.014726749621331692,0.015233799815177917,0.016102826222777367,0.01704736240208149,0.0149148590862751,0.0173147264868021,0.018219733610749245,0.016980191692709923,0.016997598111629486,0.01646365225315094,0.016077041625976562,0.016727067530155182,0.01615089736878872,0.01567661017179489,0.016575869172811508,0.01615617424249649,0.01674489863216877,0.0157401692122221,0.01655917428433895,0.016855111345648766,0.017216350883245468,0.015904493629932404
CP4,0.01530421618372202,0.014407920651137829,0.015308629721403122,0.015714554116129875,0.015791401267051697,0.014595079235732555,0.014667131006717682,0.015048263594508171,0.015639591962099075,0.016772672533988953,0.01646500453352928,0.01598098687827587,0.01612081006169319,0.015123694203794003,0.015727605670690536,0.01604151353240013,0.016267528757452965,0.016460752114653587,0.015780553221702576,0.015545320697128773,0.015583462081849575,0.015628939494490623,0.015634173527359962,0.014523003250360489,0.015977468341588974,0.016259636729955673,0.015314561314880848,0.015047205612063408,0.01605362258851528,0.01631161943078041,0.016042470932006836,0.014501521363854408,0.015074335969984531,0.01657772809267044,0.016649825498461723,0.01615709252655506,0.01566356234252453,0.016652440652251244,0.02160276472568512,0.01694035716354847,0.015767479315400124,0.01554659754037857,0.01680799201130867,0.016599342226982117,0.015348521061241627,0.016378141939640045,0.016857758164405823,0.016895517706871033,0.01710512861609459,0.01638699509203434,0.017272455617785454,0.016726840287446976,0.01652044802904129,0.016547687351703644,0.01697901450097561,0.016395865008234978,0.017119968309998512,0.0167761892080307,0.016874423250555992,0.0169561468064785,0.0169905424118042,0.016188329085707664
CP6,0.014934990555047989,0.013988849706947803,0.015109116211533546,0.015372429974377155,0.015681277960538864,0.013966891914606094,0.015085235238075256,0.01557029690593481,0.01620834693312645,0.01625995896756649,0.01566120609641075,0.016189061105251312,0.01586909033358097,0.01562375295907259,0.016050416976213455,0.015399056486785412,0.016159409657120705,0.016669852659106255,0.01554104033857584,0.01601046696305275,0.015966279432177544,0.015914330258965492,0.01628757454454899,0.01495357695966959,0.015950417146086693,0.016263524070382118,0.015226032584905624,0.015191677026450634,0.015856532379984856,0.016790207475423813,0.016179651021957397,0.015046671032905579,0.01522179413586855,0.016774820163846016,0.015517061576247215,0.016051487997174263,0.015367998741567135,0.016240499913692474,0.016717802733182907,0.021309975534677505,0.015460610389709473,0.0163321141153574,0.01607483997941017,0.016515610739588737,0.015415207482874393,0.016509005799889565,0.01684548519551754,0.017117390409111977,0.018386762589216232,0.016757074743509293,0.01637297123670578,0.016450980678200722,0.016679558902978897,0.016137778759002686,0.017217563465237617,0.017177103087306023,0.017089171335101128,0.016185086220502853,0.016654733568429947,0.016770990565419197,0.017192812636494637,0.01647857017815113
TP8,0.014850672334432602,0.013677275739610195,0.014319849200546741,0.015456712804734707,0.014988579787313938,0.01432420127093792,0.015127803198993206,0.015013753436505795,0.01496899500489235,0.015909407287836075,0.01525124255567789,0.01591535098850727,0.015638940036296844,0.01649400033056736,0.015416614711284637,0.015634136274456978,0.015629800036549568,0.015441620722413063,0.015076005831360817,0.015493477694690228,0.016191937029361725,0.016084052622318268,0.016149384900927544,0.016772450879216194,0.01668824627995491,0.01606077514588833,0.014817534014582634,0.015025150962173939,0.01610640622675419,0.01599612832069397,0.0175560861825943,0.016535237431526184,0.017026474699378014,0.016887610778212547,0.01599271036684513,0.015436644665896893,0.01550794392824173,0.01572878658771515,0.016828924417495728,0.016761936247348785,0.023159334436058998,0.01683603972196579,0.017150001600384712,0.01617133803665638,0.015211032703518867,0.015796145424246788,0.015838315710425377,0.016324907541275024,0.016724741086363792,0.01694362610578537,0.016732284799218178,0.016398312523961067,0.01574385166168213,0.016693657264113426,0.017701661214232445,0.01665155217051506,0.01720343716442585,0.01694006659090519,0.015972068533301353,0.017026925459504128,0.017121439799666405,0.01687643490731716
P7,0.014705123379826546,0.014096538536250591,0.014892829582095146,0.01573413982987404,0.015252050943672657,0.014550079591572285,0.015345688909292221,0.01488927099853754,0.015473149716854095,0.016106372699141502,0.014984219335019588,0.0163218155503273,0.01576380245387554,0.015731429681181908,0.016334768384695053,0.01587224379181862,0.015660498291254044,0.016186373308300972,0.015180283226072788,0.015904106199741364,0.015703633427619934,0.016108714044094086,0.01615256629884243,0.015512611716985703,0.016612837091088295,0.01593323051929474,0.014424449764192104,0.015494289807975292,0.015555225312709808,0.016308972612023354,0.016128024086356163,0.015741189941763878,0.0157456174492836,0.017107661813497543,0.01631438359618187,0.015486533753573895,0.015202455222606659,0.015500647015869617,0.015850957483053207,0.01687099039554596,0.01606464572250843,0.022294359281659126,0.016631746664643288,0.016823677346110344,0.015683194622397423,0.01593175157904625,0.015926698222756386,0.016543952748179436,0.017555294558405876,0.017079664394259453,0.016462936997413635,0.01723354123532772,0.016869619488716125,0.01649746485054493,0.0175400972366333,0.0172323826700449,0.01709824427962303,0.016547266393899918,0.016476387158036232,0.01676320657134056,0.01699277013540268,0.017011450603604317
P5,0.015112784691154957,0.01367640495300293,0.01474501471966505,0.015911899507045746,0.01587185263633728,0.014919915236532688,0.01518771518021822,0.014908070676028728,0.014968950301408768,0.015866093337535858,0.015571384690701962,0.015976805239915848,0.015611771494150162,0.015270342119038105,0.015600545331835747,0.01670110784471035,0.015505107119679451,0.01552367303520441,0.01545793004333973,0.01523324940353632,0.015635309740900993,0.015698160976171494,0.015551496297121048,0.015202153474092484,0.01695144549012184,0.01655401661992073,0.014597330242395401,0.01514234859496355,0.015076257288455963,0.0162044744938612,0.01628139615058899,0.014730334281921387,0.01584753766655922,0.016919506713747978,0.017576398327946663,0.015771562233567238,0.016086017712950706,0.015932375565171242,0.016625171527266502,0.01612231507897377,0.015887094661593437,0.016161195933818817,0.021392155438661575,0.017828496173024178,0.015342948958277702,0.015822455286979675,0.016056010499596596,0.01720518432557583,0.01699373684823513,0.016707811504602432,0.01786048896610737,0.01747647114098072,0.016371944919228554,0.01622377708554268,0.01715017296373844,0.016941551119089127,0.017360985279083252,0.017493419349193573,0.016225438565015793,0.016807517036795616,0.017587697133421898,0.01697750762104988
P3,0.015318138524889946,0.014130248688161373,0.015183228068053722,0.016707902774214745,0.015848936513066292,0.014324098825454712,0.01540631428360939,0.014777662232518196,0.01592515967786312,0.016689253970980644,0.015954814851284027,0.016996700316667557,0.01621585711836815,0.015267827548086643,0.01594448648393154,0.015987372025847435,0.01561820413917303,0.016354814171791077,0.016822362318634987,0.015701988711953163,0.015369834378361702,0.016300005838274956,0.0150208855047822,0.014335162937641144,0.0162782222032547,0.016366535797715187,0.015016269870102406,0.015415729023516178,0.015520981512963772,0.01646464504301548,0.014926653355360031,0.014069145545363426,0.014809498563408852,0.016123857349157333,0.017599577084183693,0.016474144533276558,0.01636125147342682,0.016362790018320084,0.015957163646817207,0.016094598919153214,0.014544975012540817,0.015842581167817116,0.01729915849864483,0.020749295130372047,0.015341384336352348,0.01615072228014469,0.016852909699082375,0.017125004902482033,0.017228879034519196,0.017302144318819046,0.01636895164847374,0.01812736876308918,0.016341671347618103,0.015669971704483032,0.016939057037234306,0.01712029054760933,0.017234889790415764,0.016619909554719925,0.016528068110346794,0.01654507778584957,0.017505010589957237,0.016519388183951378
P1,0.015386668033897877,0.014590871520340443,0.015368729829788208,0.01612498052418232,0.015514861792325974,0.014893369749188423,0.01542709767818451,0.01565619185566902,0.015582159161567688,0.01654156669974327,0.015546386130154133,0.016180887818336487,0.016019238159060478,0.015376546420156956,0.01620066724717617,0.016095496714115143,0.01554421428591013,0.016397887840867043,0.0156266987323761,0.01597251556813717,0.014990316703915596,0.015466500073671341,0.015879111364483833,0.014654298312962055,0.016416329890489578,0.01549119409173727,0.014923258684575558,0.015322680585086346,0.015361243858933449,0.015822071582078934,0.015391155146062374,0.015321440063416958,0.015196757391095161,0.016353053972125053,0.01670442894101143,0.015552581287920475,0.015728026628494263,0.0158959049731493,0.01637570746243,0.016696063801646233,0.01520769577473402,0.016482815146446228,0.016523156315088272,0.017052708193659782,0.023516781628131866,0.01691547967493534,0.016431711614131927,0.01654685102403164,0.017220603302121162,0.016268515959382057,0.01613522320985794,0.01701144129037857,0.016815152019262314,0.016687758266925812,0.017157454043626785,0.01688995771110058,0.016761166974902153,0.016539057716727257,0.016196802258491516,0.01674509607255459,0.016736719757318497,0.016568142920732498
PZ,0.015101134777069092,0.015282646752893925,0.015754250809550285,0.015172484330832958,0.016656633466482162,0.013958878815174103,0.015032898634672165,0.014790352433919907,0.016670923680067062,0.016862185671925545,0.01659911498427391,0.016671007499098778,0.016174757853150368,0.015514303930103779,0.015633655712008476,0.015163146890699863,0.016573971137404442,0.01708926074206829,0.015969591215252876,0.01613953337073326,0.015378017909824848,0.015689579769968987,0.015380694530904293,0.014382289722561836,0.015751713886857033,0.016683455556631088,0.015747254714369774,0.014769754372537136,0.01573438011109829,0.016047904267907143,0.014972946606576443,0.014254995621740818,0.014547929167747498,0.016141684725880623,0.015496594831347466,0.016874201595783234,0.016264326870441437,0.017175469547510147,0.016291333362460136,0.01662529446184635,0.014690269716084003,0.015573035925626755,0.015914499759674072,0.016742240637540817,0.015714189037680626,0.021514706313610077,0.017836423590779305,0.016912855207920074,0.017279764637351036,0.01610403321683407,0.016469106078147888,0.016629274934530258,0.016877083107829094,0.016329925507307053,0.01716022938489914,0.016580957919359207,0.016824301332235336,0.015557469800114632,0.016960622742772102,0.017305904999375343,0.017445985227823257,0.016556162387132645
P2,0.015297358855605125,0.014726180583238602,0.015452343039214611,0.015800539404153824,0.015936827287077904,0.013818326406180859,0.014919417910277843,0.014875599183142185,0.017267663031816483,0.016900699585676193,0.01676388643682003,0.016585247591137886,0.0160936638712883,0.015467949211597443,0.015779929235577583,0.015074960887432098,0.016070714220404625,0.017021842300891876,0.01682882383465767,0.0157626960426569,0.015785636380314827,0.016099076718091965,0.015119887888431549,0.014422668144106865,0.015407541766762733,0.016434740275144577,0.015787864103913307,0.01522047258913517,0.015718020498752594,0.01651114970445633,0.014860608614981174,0.013749861158430576,0.014604846015572548,0.016188742592930794,0.01568177342414856,0.017272623255848885,0.016283713281154633,0.017833633348345757,0.016531039029359818,0.016735563054680824,0.014523510821163654,0.015326033346354961,0.015887470915913582,0.017196770757436752,0.015073936432600021,0.017579959705471992,0.021136248484253883,0.0172437634319067,0.017199527472257614,0.0167230237275362,0.016167182475328445,0.01692446880042553,0.01637587510049343,0.016076356172561646,0.01685652881860733,0.016392221674323082,0.017089052125811577,0.01605466566979885,0.017134886234998703,0.016982946544885635,0.017440298572182655,0.01592095196247101
P4,0.014922414906322956,0.013820580206811428,0.014970109798014164,0.015835635364055634,0.016591565683484077,0.014464185573160648,0.01496814377605915,0.014849424362182617,0.01601000875234604,0.016170719638466835,0.015533112920820713,0.016655176877975464,0.015578781254589558,0.01510536391288042,0.01576337032020092,0.016079965978860855,0.015807297080755234,0.016391178593039513,0.015441803261637688,0.01559069100767374,0.015677962452173233,0.01563078723847866,0.015311176888644695,0.014593289233744144,0.015871046110987663,0.01703074760735035,0.01476468238979578,0.015589040704071522,0.015093961730599403,0.016980422660708427,0.015829067677259445,0.014095155522227287,0.014937522821128368,0.016442012041807175,0.016442278400063515,0.0162687785923481,0.016248255968093872,0.01651884615421295,0.016445504501461983,0.016872482374310493,0.014877581968903542,0.01579373888671398,0.01691313087940216,0.017351489514112473,0.015089965425431728,0.016540484502911568,0.01713593862950802,0.021029505878686905,0.017918042838573456,0.016644803807139397,0.016801906749606133,0.01663605496287346,0.017151212319731712,0.01605795882642269,0.017079556360840797,0.017629988491535187,0.017068704590201378,0.016347361728549004,0.016917048022150993,0.01657865382730961,0.01809878833591938,0.01714569516479969
P6,0.014921444468200207,0.013910127803683281,0.015267658047378063,0.015509556978940964,0.015947256237268448,0.013980859890580177,0.015234825201332569,0.01489666011184454,0.01588604599237442,0.016253618523478508,0.015217778272926807,0.01658426970243454,0.016126245260238647,0.015651894733309746,0.01624191179871559,0.01576969400048256,0.01591290533542633,0.0165865421295166,0.01519559882581234,0.0159782525151968,0.01575828529894352,0.01595665141940117,0.016115831211209297,0.014798294752836227,0.016377991065382957,0.01638977788388729,0.01468562800437212,0.01523535419255495,0.015286767855286598,0.01683366857469082,0.015895582735538483,0.014754300005733967,0.014742162078619003,0.016413439065217972,0.016154929995536804,0.015882298350334167,0.015409782528877258,0.016225142404437065,0.016361959278583527,0.01781388372182846,0.014953703619539738,0.016462190076708794,0.01641800068318844,0.017142698168754578,0.015417823567986488,0.016613174229860306,0.016778763383626938,0.017610087990760803,0.020590193569660187,0.016951123252511024,0.016605470329523087,0.016811922192573547,0.01681346446275711,0.015889395028352737,0.017649807035923004,0.017986860126256943,0.017451776191592216,0.015966404229402542,0.016555381938815117,0.016619814559817314,0.01767985336482525,0.01686694473028183
P8,0.014767087996006012,0.014016588218510151,0.014981015585362911,0.01635017804801464,0.01562395878136158,0.01423707790672779,0.01577931083738804,0.014628944918513298,0.01591951958835125,0.016375355422496796,0.015359065495431423,0.01741442270576954,0.0162593275308609,0.01620667800307274,0.016877487301826477,0.015742620453238487,0.015818864107131958,0.01611347869038582,0.016043037176132202,0.015401782467961311,0.01656995341181755,0.01785733364522457,0.015701550990343094,0.015498270280659199,0.016279272735118866,0.01652241311967373,0.014645629562437534,0.015857327729463577,0.015666570514440536,0.017312265932559967,0.015147432684898376,0.014951392076909542,0.015264096669852734,0.01622363179922104,0.016486642882227898,0.01616729237139225,0.015496740117669106,0.0159020833671093,0.015848005190491676,0.01642691344022751,0.015314286574721336,0.016148265451192856,0.016316017135977745,0.017411742359399796,0.014740411192178726,0.01564754731953144,0.016496999189257622,0.016535023227334023,0.017152070999145508,0.020845243707299232,0.01614886336028576,0.017213325947523117,0.015960635617375374,0.015903975814580917,0.01712195575237274,0.016972634941339493,0.018008675426244736,0.015962466597557068,0.016084827482700348,0.016274025663733482,0.01734950952231884,0.01665124110877514
PO7,0.014904874376952648,0.01403083372861147,0.015231752768158913,0.01531246304512024,0.016541162505745888,0.014428848400712013,0.014747354201972485,0.014762703329324722,0.015412809327244759,0.016082746908068657,0.015990054234862328,0.016088180243968964,0.015937427058815956,0.015051462687551975,0.01565881073474884,0.016031507402658463,0.016089938580989838,0.016046514734625816,0.015271361917257309,0.01513475738465786,0.01550203375518322,0.015362141653895378,0.015402045100927353,0.01476320344954729,0.016452746465802193,0.016930336132645607,0.014684053137898445,0.014968973584473133,0.014891725033521652,0.016224559396505356,0.016371719539165497,0.014397201128304005,0.015611889772117138,0.01691291667521,0.016704900190234184,0.01599717326462269,0.015696488320827484,0.015865031629800797,0.0170736126601696,0.016396470367908478,0.015496030449867249,0.01598951779305935,0.01785089261829853,0.016844166442751884,0.014940785244107246,0.016343992203474045,0.01630629412829876,0.017058631405234337,0.017169442027807236,0.016534797847270966,0.02133600227534771,0.01755180023610592,0.01708460971713066,0.016327088698744774,0.01704949326813221,0.01705964468419552,0.017691120505332947,0.01705380529165268,0.01760602928698063,0.017069697380065918,0.017674049362540245,0.01699727028608322
PO5,0.014936677180230618,0.014203708618879318,0.015168513171374798,0.016380703076720238,0.01551786344498396,0.013834674842655659,0.015278690494596958,0.014831260778009892,0.015941793099045753,0.01634954661130905,0.016265366226434708,0.016863228753209114,0.016454048454761505,0.015324902720749378,0.01602889597415924,0.01581222005188465,0.015643106773495674,0.01647334173321724,0.01664438657462597,0.01598934829235077,0.015263557434082031,0.016071762889623642,0.014768739230930805,0.014290082268416882,0.01628709025681019,0.016125554218888283,0.01502065360546112,0.014812798239290714,0.015355473384261131,0.016209334135055542,0.015369625762104988,0.014038203284144402,0.015004785731434822,0.016765328124165535,0.01709647662937641,0.016174012795090675,0.01583724655210972,0.01618126966059208,0.016205674037337303,0.016149399802088737,0.01486604567617178,0.016388054937124252,0.01710924506187439,0.018276682123541832,0.015415568836033344,0.01617613062262535,0.016725050285458565,0.016559086740016937,0.017034053802490234,0.017253132537007332,0.017182422801852226,0.02088509500026703,0.016782069578766823,0.01631862297654152,0.017224477604031563,0.016633033752441406,0.01767095923423767,0.01689598709344864,0.01682773418724537,0.017139526084065437,0.01723441667854786,0.016432836651802063
PO3,0.015060694888234138,0.014881079085171223,0.015773113816976547,0.015391756780445576,0.01666886918246746,0.014360570348799229,0.015044784173369408,0.01501332689076662,0.015859104692935944,0.016670236364006996,0.015748897567391396,0.016891269013285637,0.01591647043824196,0.014858451671898365,0.01647091843187809,0.016340142115950584,0.01618962734937668,0.01683838851749897,0.01532776840031147,0.015819350257515907,0.015257544815540314,0.015409364365041256,0.015650684013962746,0.014341327361762524,0.01577335223555565,0.016697252169251442,0.014595398679375648,0.015432959422469139,0.015095269307494164,0.01634378544986248,0.015000536106526852,0.014331779442727566,0.014337213709950447,0.01667686365544796,0.016062607988715172,0.015775159001350403,0.015500109642744064,0.015888987109065056,0.01629694737493992,0.01667618378996849,0.014530436135828495,0.01638003997504711,0.016289880499243736,0.01676514931023121,0.015520405024290085,0.016721734777092934,0.016472822055220604,0.017396988347172737,0.017354901880025864,0.01628275401890278,0.017039602622389793,0.017088282853364944,0.0213073268532753,0.017294302582740784,0.017070243135094643,0.017105795443058014,0.016838185489177704,0.016155101358890533,0.017717603594064713,0.01732642576098442,0.017700018361210823,0.017374210059642792
POZ,0.015053430572152138,0.01481968630105257,0.015374758280813694,0.015714773908257484,0.015467924997210503,0.014246178790926933,0.015346302650868893,0.015401195734739304,0.015560315921902657,0.016363315284252167,0.015625353902578354,0.016658054664731026,0.01576579175889492,0.015124651603400707,0.01643442176282406,0.016122862696647644,0.015998240560293198,0.016445234417915344,0.01575886271893978,0.01617102138698101,0.015987815335392952,0.01563054881989956,0.015327573753893375,0.014918048866093159,0.01586686074733734,0.01621381752192974,0.014923841692507267,0.015246191993355751,0.015659775584936142,0.016158776357769966,0.015387381426990032,0.014363130554556847,0.014785926789045334,0.01696700043976307,0.016070883721113205,0.015751736238598824,0.015352526679635048,0.015676094219088554,0.016567163169384003,0.016398604959249496,0.01568278670310974,0.016302255913615227,0.016406340524554253,0.016332805156707764,0.01566500961780548,0.016469890251755714,0.016441818326711655,0.01654723845422268,0.016660502180457115,0.016482090577483177,0.016544003039598465,0.01688060350716114,0.01758316159248352,0.021669266745448112,0.01799437776207924,0.016659269109368324,0.01704488880932331,0.016469301655888557,0.016753090545535088,0.017721261829137802,0.017286989837884903,0.017696816474199295
PO4,0.01494565885514021,0.014020792208611965,0.015049311332404613,0.015651164576411247,0.015481515787541866,0.014052621088922024,0.015336930751800537,0.015036012977361679,0.015533343888819218,0.01626047119498253,0.015219471417367458,0.01660931296646595,0.01595204882323742,0.015665510669350624,0.015964282676577568,0.015726862475275993,0.015755701810121536,0.016193266957998276,0.01545118447393179,0.016002673655748367,0.01568511873483658,0.015828367322683334,0.015436186455190182,0.014934299513697624,0.016395675018429756,0.016210714355111122,0.014767014421522617,0.015059581026434898,0.015588081441819668,0.01613723672926426,0.01584022492170334,0.014794943854212761,0.01521485485136509,0.016550671309232712,0.016076380386948586,0.015660379081964493,0.015435345470905304,0.015861008316278458,0.0162733793258667,0.016721811145544052,0.015871116891503334,0.01652810350060463,0.01659906469285488,0.01688971184194088,0.015402672812342644,0.016546711325645447,0.016481811180710793,0.016821693629026413,0.01769433356821537,0.016966918483376503,0.016517970710992813,0.017034757882356644,0.016580086201429367,0.017192509025335312,0.020651925355196,0.017715809866786003,0.018317116424441338,0.016265951097011566,0.016437049955129623,0.01749742589890957,0.018002234399318695,0.017605815082788467
PO6,0.014993111602962017,0.013833887875080109,0.01505434513092041,0.015990011394023895,0.016016999259591103,0.014497908763587475,0.015225006267428398,0.014769178815186024,0.015530378557741642,0.016192646697163582,0.01501847617328167,0.01668332703411579,0.01582522690296173,0.0154030192643404,0.01618003100156784,0.015991060063242912,0.015764711424708366,0.016139915212988853,0.015139113180339336,0.015518661588430405,0.015600764192640781,0.015961283817887306,0.015790756791830063,0.014798494055867195,0.016529619693756104,0.01654099114239216,0.014401677064597607,0.016081444919109344,0.015346921980381012,0.01662352867424488,0.015693312510848045,0.014813828282058239,0.015054449439048767,0.016174258664250374,0.016747042536735535,0.015589977614581585,0.015649491921067238,0.015658283606171608,0.015914753079414368,0.016876569017767906,0.015119039453566074,0.016386831179261208,0.0166120957583189,0.017302364110946655,0.015360505320131779,0.01616619899868965,0.016227921470999718,0.01757567562162876,0.018243327736854553,0.017052864655852318,0.016746364533901215,0.016665328294038773,0.016810916364192963,0.016107618808746338,0.01791282929480076,0.02110259421169758,0.01774819940328598,0.016570795327425003,0.01658964529633522,0.016618888825178146,0.017989475280046463,0.017475519329309464
PO8,0.014761249534785748,0.013822625391185284,0.014977860264480114,0.015841802582144737,0.01566464640200138,0.014073118567466736,0.015371005982160568,0.014801030047237873,0.01583782024681568,0.015997212380170822,0.015533107332885265,0.01668589562177658,0.016203314065933228,0.01580962724983692,0.016097519546747208,0.015792619436979294,0.015760546550154686,0.016067905351519585,0.015717124566435814,0.015501759015023708,0.01583092473447323,0.01630975864827633,0.015320898965001106,0.015052780508995056,0.016407039016485214,0.016503743827342987,0.01477472297847271,0.015139410272240639,0.015322026796638966,0.01648038811981678,0.015766337513923645,0.014780620113015175,0.015500673092901707,0.016430798918008804,0.016214899718761444,0.01593824103474617,0.015365379862487316,0.01598391681909561,0.016371335834264755,0.016552310436964035,0.015388169325888157,0.016037074849009514,0.0167702566832304,0.017141535878181458,0.015020596794784069,0.016167165711522102,0.016667477786540985,0.016770586371421814,0.01744764670729637,0.017806602641940117,0.01709510013461113,0.017432602122426033,0.016327986493706703,0.016272174194455147,0.018280137330293655,0.017499670386314392,0.020609932020306587,0.01651141420006752,0.016441326588392258,0.016973325982689857,0.017954764887690544,0.0170200914144516
CB1,0.015488565899431705,0.01396825723350048,0.014780377969145775,0.016688378527760506,0.015370149165391922,0.014685271307826042,0.01469681691378355,0.01510193943977356,0.015534710139036179,0.01633375510573387,0.01626715064048767,0.01569404825568199,0.01540682464838028,0.015031473711133003,0.015531954355537891,0.016002466902136803,0.015567350201308727,0.015947673469781876,0.015989629551768303,0.0149117112159729,0.015432270243763924,0.015530887991189957,0.015367724001407623,0.014868582598865032,0.01584862545132637,0.01599782519042492,0.014756819233298302,0.01572163961827755,0.015366238541901112,0.016158057376742363,0.01558349747210741,0.014337727800011635,0.015670156106352806,0.016754109412431717,0.01722097396850586,0.015878133475780487,0.016264352947473526,0.015780750662088394,0.016852600499987602,0.01647057756781578,0.01596079207956791,0.016332782804965973,0.017751213163137436,0.017359305173158646,0.015569834969937801,0.015685901045799255,0.016438068822026253,0.016865046694874763,0.016771024093031883,0.01658189669251442,0.017321305349469185,0.017510460689663887,0.016453886404633522,0.016516054049134254,0.01705845631659031,0.01715763472020626,0.017344439402222633,0.021677503362298012,0.01758040487766266,0.017422690987586975,0.017307959496974945,0.01647339202463627
O1,0.015564166940748692,0.015019776299595833,0.015775345265865326,0.01558060571551323,0.0164314117282629,0.014141595922410488,0.014634755440056324,0.014961756765842438,0.01651037484407425,0.0171627476811409,0.01660359464585781,0.016354143619537354,0.015850676223635674,0.014794010668992996,0.015922026708722115,0.015612991526722908,0.01648031361401081,0.01694396883249283,0.015941167250275612,0.015311088413000107,0.015270761214196682,0.015542377717792988,0.015340042300522327,0.014209480956196785,0.01537792943418026,0.016419926658272743,0.01509458664804697,0.015191433019936085,0.015375209972262383,0.016115065664052963,0.014789951033890247,0.013779163360595703,0.014613370411098003,0.016719844192266464,0.015914151445031166,0.0163662638515234,0.015940245240926743,0.01625164970755577,0.016611970961093903,0.016599252820014954,0.014696270227432251,0.01590702123939991,0.01610400900244713,0.016908084973692894,0.01490721944719553,0.01674865558743477,0.017190352082252502,0.017088280990719795,0.01702999696135521,0.016359494999051094,0.017509140074253082,0.017079539597034454,0.01766030304133892,0.016422003507614136,0.01686425693333149,0.016816508024930954,0.01690753735601902,0.017221203073859215,0.02121604047715664,0.017857477068901062,0.017766503617167473,0.01662006974220276
OZ,0.01549515686929226,0.014930746518075466,0.015515468083322048,0.01545808557420969,0.015799708664417267,0.014082361944019794,0.014787993393838406,0.014934533275663853,0.016051674261689186,0.01687397062778473,0.016175849363207817,0.016410015523433685,0.01590466871857643,0.01526349876075983,0.015726204961538315,0.015451731160283089,0.016287727281451225,0.01652628369629383,0.01580939255654812,0.015542387962341309,0.015401327051222324,0.015656646341085434,0.01550733856856823,0.014656567014753819,0.015785228461027145,0.016223061829805374,0.0151293333619833,0.014789998531341553,0.015821978449821472,0.015872105956077576,0.015054074116051197,0.014383175410330296,0.014869063161313534,0.016551220789551735,0.015771551057696342,0.016134630888700485,0.015671800822019577,0.016371985897421837,0.016506144776940346,0.016526836901903152,0.015495002269744873,0.01602499932050705,0.01651700772345066,0.01674504019320011,0.015239867381751537,0.01692969724535942,0.016850847750902176,0.016572460532188416,0.016900332644581795,0.016371633857488632,0.016790518537163734,0.017204271629452705,0.017091313377022743,0.017184194177389145,0.017755920067429543,0.01667235791683197,0.017263447865843773,0.01687334105372429,0.017671780660748482,0.020984400063753128,0.018084978684782982,0.017064843326807022
O2,0.015159978531301022,0.014214836061000824,0.015293821692466736,0.015600220300257206,0.01633133366703987,0.01416881661862135,0.015071529895067215,0.014617683365941048,0.015864280983805656,0.016465749591588974,0.015452144667506218,0.016994928941130638,0.01589001528918743,0.015445604920387268,0.015879470854997635,0.01564519666135311,0.015944601967930794,0.016219887882471085,0.01534333173185587,0.015373448841273785,0.0157890897244215,0.015942726284265518,0.015524299815297127,0.014787193387746811,0.01605258136987686,0.016976086422801018,0.0145986033603549,0.015266846865415573,0.015246214345097542,0.016569916158914566,0.015371288172900677,0.014302646741271019,0.014966487884521484,0.016313772648572922,0.01614111103117466,0.016126519069075584,0.01586608961224556,0.016269054263830185,0.016094142571091652,0.016489947214722633,0.015167897567152977,0.015786131843924522,0.01681816577911377,0.017240414395928383,0.014845231547951698,0.016594979912042618,0.01684415154159069,0.017606651410460472,0.017504533752799034,0.016985207796096802,0.016916858032345772,0.0168375913053751,0.016985205933451653,0.01631924882531166,0.017778947949409485,0.0175478495657444,0.01777660846710205,0.01630530320107937,0.01710323616862297,0.01759393885731697,0.020382463932037354,0.017388129606842995
CB2,0.014726185239851475,0.014219813980162144,0.015101999044418335,0.015546257607638836,0.016300655901432037,0.014729747548699379,0.015599174425005913,0.014917070046067238,0.015419905073940754,0.0162491537630558,0.015122247859835625,0.017013080418109894,0.0156765915453434,0.015415040776133537,0.016110509634017944,0.01632303185760975,0.0159920584410429,0.016171770170331,0.015171312727034092,0.016105901449918747,0.015757938846945763,0.015781104564666748,0.01536241639405489,0.015015607699751854,0.01639990136027336,0.016738511621952057,0.014554528519511223,0.015538539737462997,0.015514485538005829,0.016438443213701248,0.01573491282761097,0.014930885285139084,0.015107963234186172,0.01640911214053631,0.01629319041967392,0.015668237581849098,0.01549612171947956,0.015540181659162045,0.015825895592570305,0.0163114033639431,0.015449031256139278,0.016337664797902107,0.016749611124396324,0.016788344830274582,0.015180040150880814,0.016281375661492348,0.015878785401582718,0.017239399254322052,0.017245586961507797,0.016838815063238144,0.01679399609565735,0.01657462865114212,0.01721278205513954,0.017248280346393585,0.017962103709578514,0.01761571131646633,0.017394227907061577,0.01600276678800583,0.01651601679623127,0.017139211297035217,0.017960038036108017,0.021260786801576614
